id,ac,hl,flight,date,EGT1,EGT2,N11,N12,N21,N22,FF1,FF2
5850,777,HL7766,L865,2024-01-09 3:23,424.5,417,82,82.1,86.8,86.6,8261,8168
5862,777,HL7766,L866,2024-01-09 6:15,388.9,380.8,81.1,81.1,84.3,84.1,6147,6092
5870,777,HL7766,L866,2024-01-09 6:26,392.5,381.9,81.4,81.5,84.6,84.3,6155,6090
5879,777,HL7766,L615,2024-01-09 11:21,389.8,382.5,82.1,82.3,84.6,84.4,7024,6929
5886,777,HL7766,L615,2024-01-09 14:07,401.8,394.3,82.8,83,85.4,85.2,6933,6858
5894,777,HL7766,L616,2024-01-09 17:08,407,398.9,83.5,83.7,85.5,85.4,6913,6859
5899,777,HL7766,L616,2024-01-09 17:13,405.7,397.7,83.3,83.5,85.5,85.3,6876,6831
5928,777,HL7766,2901,2024-01-10 7:17,411.3,404.3,84.1,84.2,85.8,85.7,7822,7739
5950,777,HL7766,2901,2024-01-10 15:58,369.5,364.2,81.4,81.5,83.4,83.2,5942,5892
5958,777,HL7766,412D,2024-01-10 20:56,439.4,435.9,86.3,86.2,87.5,87.3,9444,9390
5986,777,HL7766,412D,2024-01-11 6:00,401.4,393.3,83,83.1,85.4,85.3,7053,6981
5997,777,HL7766,L615,2024-01-11 11:13,426.1,416.5,86.3,86.4,86.3,86.1,7285,7197
6004,777,HL7766,L615,2024-01-11 13:24,401.2,392.2,83.5,83.6,85.2,84.9,6609,6549
6013,777,HL7766,L616,2024-01-11 16:47,409.7,401,83.8,84,85.8,85.6,6984,6917
6015,777,HL7766,L616,2024-01-11 18:41,390,381.7,81.5,81.6,84.5,84.3,6319,6262
6061,777,HL7766,L663,2024-01-12 9:01,406.6,399.3,83.5,83.7,85.5,85.3,7273,7199
6076,777,HL7766,L663,2024-01-12 10:05,414,407.4,84.5,84.7,86.1,85.8,7537,7436
6084,777,HL7766,L664,2024-01-12 17:20,410.9,403,84,84.2,85.8,85.5,7179,7092
6093,777,HL7766,L664,2024-01-12 19:54,401.3,393.5,83,83.2,85.3,85.1,6794,6733
6099,777,HL7766,L865,2024-01-13 0:41,398.7,389.2,82.7,82.7,85,84.7,6533,6463
6113,777,HL7766,L865,2024-01-13 1:23,404.5,395.8,83.7,83.7,85.4,85.1,6684,6622
6126,777,HL7766,L866,2024-01-13 6:22,410.2,400.4,81.3,81.5,85.6,85.3,7108,7018
6133,777,HL7766,L866,2024-01-13 6:28,409.3,399.4,81.3,81.5,85.6,85.3,7088,7011
6147,777,HL7766,L625,2024-01-13 11:56,393.6,387.2,82.6,82.7,84.9,84.6,7061,7009
6153,777,HL7766,L625,2024-01-13 13:33,412.8,404.3,82.3,82.5,85.9,85.6,7255,7184
6159,777,HL7766,L626,2024-01-13 17:34,426.5,417.7,86.7,86.8,86.5,86.2,7262,7153
6165,777,HL7766,L626,2024-01-13 18:38,416.8,409.1,85.7,85.8,86,85.8,6871,6802
6178,777,HL7766,L469,2024-01-14 1:15,411.3,404.1,84.5,84.6,85.8,85.6,7609,7524
6197,777,HL7766,L469,2024-01-14 2:30,422,415.1,84.9,85,86.5,86.3,7456,7379
6212,777,HL7766,L470,2024-01-14 8:05,418.4,410.2,84.4,84.6,85.9,85.6,7253,7165
6222,777,HL7766,L470,2024-01-14 9:08,407.1,400.5,84,84.1,85.7,85.5,7063,6990
6249,777,HL7766,L865,2024-01-15 0:44,405.1,397.1,83.2,83.3,85.3,85,6598,6508
6261,777,HL7766,L865,2024-01-15 1:57,396.4,387.7,82.7,82.9,84.9,84.7,6379,6325
6272,777,HL7766,L866,2024-01-15 6:14,412.2,406.9,82.7,82.9,86.2,86,7621,7581
6276,777,HL7766,L866,2024-01-15 6:23,412.3,405.4,82.5,82.8,86.2,85.9,7603,7520
6289,777,HL7766,L625,2024-01-15 12:49,404.5,397.8,83,83.2,85.4,85.2,7071,7004
6296,777,HL7766,L625,2024-01-15 14:39,407.4,397.4,84.2,84.3,85.6,85.3,6879,6780
6304,777,HL7766,L626,2024-01-15 18:14,418.2,410.3,86,86.1,86.1,85.8,7121,7012
6310,777,HL7766,L626,2024-01-15 19:09,406.7,400.5,84.9,85,85.5,85.3,6741,6696
6318,777,HL7766,L469,2024-01-16 1:09,429.8,421,86.7,86.8,86.5,86.2,7490,7374
6332,777,HL7766,L469,2024-01-16 2:29,416.4,408.6,85.9,86,86.1,85.8,7308,7197
6346,777,HL7766,L470,2024-01-16 7:41,407.3,400.8,83.1,83.3,85.8,85.5,7289,7214
6358,777,HL7766,L470,2024-01-16 10:14,401.7,392.5,81.7,81.9,85.4,85.1,6794,6720
6421,777,HL7766,L477,2024-01-17 13:20,394.1,387.2,82.3,82.5,85,84.8,7575,7512
6434,777,HL7766,L477,2024-01-17 15:03,408.5,401.1,83.2,83.4,85.9,85.7,7584,7508
6457,777,HL7766,L478,2024-01-18 2:00,425.2,416.2,86.9,87,86.1,85.9,7359,7241
6471,777,HL7766,L478,2024-01-18 4:18,412.3,404.4,85.3,85.4,85.8,85.5,6826,6751
6486,777,HL7766,L663,2024-01-18 9:21,390.8,384.9,82.8,83,84.8,84.5,7082,7018
6503,777,HL7766,L663,2024-01-18 10:54,413.8,406,84,84.2,86,85.8,7291,7235
6509,777,HL7766,L664,2024-01-18 17:24,410.9,402.8,85.2,85.3,85.6,85.3,6964,6846
6518,777,HL7766,L664,2024-01-18 20:12,396.1,388.5,82.6,82.7,85,84.8,6570,6530
6528,777,HL7766,L469,2024-01-19 1:14,420.9,412.7,85,85.1,86.2,86,7679,7567
6543,777,HL7766,L469,2024-01-19 1:40,432.9,425.9,86.3,86.4,87.1,86.9,7811,7737
6558,777,HL7766,L470,2024-01-19 8:23,415.8,408,84.6,84.8,86.1,85.8,7356,7254
6569,777,HL7766,L470,2024-01-19 9:09,407.5,401.5,84.1,84.2,85.6,85.4,7088,7037
6638,777,HL7766,L663,2024-01-20 8:48,409.5,401.8,83.6,83.7,85.7,85.5,7307,7220
6653,777,HL7766,L663,2024-01-20 11:31,409.7,400.8,84.9,84.9,85.7,85.4,7082,6992
6661,777,HL7766,L664,2024-01-20 17:21,412.6,404.7,85.5,85.6,85.7,85.4,6916,6821
6674,777,HL7766,L664,2024-01-20 21:14,404.7,396,82.7,82.8,85.5,85.3,6634,6587
6685,777,HL7766,L865,2024-01-21 1:23,395.2,388.8,82,82.1,84.8,84.6,6257,6214
6698,777,HL7766,L865,2024-01-21 2:08,405.1,398.5,83.3,83.4,85.5,85.3,6520,6465
6710,777,HL7766,L866,2024-01-21 7:02,413.6,404.6,85.8,85.9,85.9,85.6,7054,6949
6716,777,HL7766,L866,2024-01-21 7:54,414.5,406.3,84.8,84.9,85.9,85.6,6705,6623
6726,777,HL7766,L477,2024-01-21 11:46,409.5,402.4,83.9,84,85.7,85.6,7444,7332
6736,777,HL7766,L477,2024-01-21 12:06,424.1,417.4,85.5,85.7,86.6,86.4,7711,7632
6762,777,HL7766,L478,2024-01-22 2:11,408,400.3,84.3,84.4,85.2,85,6714,6636
6771,777,HL7766,L478,2024-01-22 3:46,398.6,390.4,83.6,83.7,84.8,84.6,6592,6509
6785,777,HL7766,L663,2024-01-22 9:19,399.4,393.1,82.5,82.7,85.2,85,7579,7522
6799,777,HL7766,L663,2024-01-22 10:37,422.4,414.8,84.2,84.4,86.7,86.5,7879,7820
6806,777,HL7766,L664,2024-01-22 17:20,409.1,401.3,84,84.2,85.7,85.4,7108,7032
6818,777,HL7766,L664,2024-01-22 20:06,410,401.7,84.1,84.2,85.9,85.6,7142,7032
6825,777,HL7766,L865,2024-01-23 0:52,421.7,413.5,84.7,84.8,86.2,86,6929,6834
6834,777,HL7766,L865,2024-01-23 1:31,404.9,398.5,83.8,83.8,85.4,85.2,6721,6649
6844,777,HL7766,L866,2024-01-23 8:00,411.5,402.9,84.1,84.2,85.5,85.2,6656,6569
6849,777,HL7766,L866,2024-01-23 8:15,405.4,397.8,83.9,84,85.3,85.2,6556,6490
6857,777,HL7766,L477,2024-01-23 12:55,417.5,409.8,84.2,84.3,86.1,85.9,7410,7334
6866,777,HL7766,L477,2024-01-23 13:57,427.6,422.3,84.7,84.9,86.9,86.8,8010,7939
6885,777,HL7766,L478,2024-01-24 2:07,402.9,395.8,82.6,82.7,85.5,85.3,7160,7093
6895,777,HL7766,L478,2024-01-24 2:57,399.6,393.1,83.1,83.3,85.2,85,6733,6672
6912,777,HL7766,L477,2024-01-24 12:10,409.1,401.3,83.3,83.5,85.5,85.3,7151,7067
6922,777,HL7766,L477,2024-01-24 13:00,427.4,420.4,86.2,86.3,86.7,86.5,7846,7774
6948,777,HL7766,L478,2024-01-25 2:06,402.7,395.8,83.4,83.5,85.4,85.1,7009,6930
6957,777,HL7766,L478,2024-01-25 3:00,401.3,395,83.6,83.7,85.4,85.1,6952,6904
6967,777,HL7766,L663,2024-01-25 8:56,411.6,404.7,84.1,84.3,85.8,85.6,7382,7299
6981,777,HL7766,L663,2024-01-25 11:11,408.1,401.9,83,83.2,85.8,85.7,7514,7453
6988,777,HL7766,L664,2024-01-25 17:13,406.7,398,81.6,81.7,85.7,85.4,7310,7200
6997,777,HL7766,L664,2024-01-25 17:16,409.3,400.6,81.9,82.1,85.8,85.6,7390,7312
7004,777,HL7766,L865,2024-01-26 0:52,418.9,409.4,85.6,86,86.1,85.9,7168,7081
7018,777,HL7766,L865,2024-01-26 3:02,405.4,395.5,82.2,82.3,84.8,84.6,6812,6720
7027,777,HL7766,L866,2024-01-26 6:44,397.8,391.2,82.1,82.2,85.1,84.9,7008,6961
7035,777,HL7766,L866,2024-01-26 7:41,395.5,390.1,82,82.1,85.1,84.9,6885,6817
7130,777,HL7766,L625,2024-01-27 12:19,393.1,384.1,80.6,80.7,84.9,84.6,7498,7408
7140,777,HL7766,L625,2024-01-27 14:37,400.6,,80.2,,85.2,,7093,
7139,777,HL7766,L625,2024-01-27 14:37,400.6,390.2,80.2,80.4,85.2,84.9,7093,6975
7146,777,HL7766,L626,2024-01-27 18:05,400,392,82.1,82.3,85.4,85.1,7093,7016
7154,777,HL7766,L626,2024-01-27 19:19,401.4,394.5,82.7,82.9,85.5,85.3,7155,7109
7163,777,HL7766,L865,2024-01-28 0:58,395.4,441,83.3,81.8,84.3,84.6,6095,6357
7177,777,HL7766,L865,2024-01-28 2:40,384.3,377,83,83.1,84.1,83.9,5955,5910
7189,777,HL7766,L866,2024-01-28 6:46,391.5,384.2,82.6,82.8,84.6,84.4,6781,6733
7195,777,HL7766,L866,2024-01-28 7:45,397.5,390,82.9,83,85,84.8,6830,6758
7205,777,HL7766,L743,2024-01-28 11:01,379.8,372.8,80.7,80.8,83.9,83.7,6123,6086
7207,777,HL7766,L743,2024-01-28 11:02,379.7,372.7,80.7,80.8,83.9,83.7,6118,6082
7237,777,HL7766,L744,2024-01-29 1:00,381.8,373.1,79.9,80.1,84.2,83.8,6820,6738
7243,777,HL7766,L744,2024-01-29 1:05,376.3,367.8,79.3,79.5,83.9,83.6,6651,6598
7262,777,HL7766,L725,2024-01-29 7:05,364.8,357,79.2,79.3,83.1,82.8,6356,6296
7264,777,HL7766,L725,2024-01-29 7:09,370.6,362.2,79.8,79.9,83.4,83.1,6514,6440
7275,777,HL7766,L726,2024-01-29 10:10,370.7,362.4,79.5,79.7,83.7,83.3,6799,6720
7277,777,HL7766,L726,2024-01-29 10:22,360.3,353.5,79,79.2,83.2,82.8,6600,6568
7915,777,HL7766,L897,2024-02-08 2:59,351.8,342.9,77,77.1,82.3,81.8,6695,6609
7919,777,HL7766,L897,2024-02-08 3:08,355.3,347.6,77.6,77.7,82.7,82.3,6740,6670
7932,777,HL7766,L898,2024-02-08 6:59,379.3,370.7,78.1,78.2,83.9,83.6,7337,7240
7935,777,HL7766,L898,2024-02-08 7:05,371.1,362.9,77.4,77.5,83.5,83.1,7139,7067
8025,777,HL7766,L477,2024-02-09 12:06,400,393.3,83.5,83.6,85.2,85,7371,7308
8037,777,HL7766,L477,2024-02-09 14:52,398.7,392.5,82.6,82.8,85.2,85.1,6898,6870
8062,777,HL7766,L478,2024-02-10 1:59,404.7,394.8,82.4,82.6,85.7,85.4,7181,7082
8076,777,HL7766,L478,2024-02-10 2:25,394.2,387.2,83.1,83.2,84.9,84.6,6457,6384
8097,777,HL7766,L477,2024-02-10 11:41,416.5,411.2,85.7,85.8,86,85.9,7174,7095
8108,777,HL7766,L477,2024-02-10 15:46,391.4,383.8,82.3,82.4,84.7,84.5,6376,6322
8138,777,HL7766,L478,2024-02-11 2:00,410.3,403,82.4,82.7,86,85.8,7662,7621
8150,777,HL7766,L478,2024-02-11 2:39,408,398.5,82.1,82.3,85.9,85.6,7518,7417
8161,777,HL7766,L663,2024-02-11 8:52,362.1,357.4,80.3,80.5,83.3,83.1,7171,7133
8181,777,HL7766,L663,2024-02-11 12:05,401.5,395.5,83.9,84.1,85.2,85.1,6723,6679
8187,777,HL7766,L664,2024-02-11 17:18,404.9,397.1,83.4,83.6,85.5,85.2,7007,6930
8196,777,HL7766,L664,2024-02-11 19:27,398,389.7,81.2,81.4,85,84.7,6689,6643
8213,777,HL7766,L727,2024-02-12 2:45,339.3,332.1,76.1,76.1,81.2,80.8,6162,6117
8217,777,HL7766,L727,2024-02-12 2:45,339.4,332.1,76.1,76.1,81.2,80.8,6164,6119
8223,777,HL7766,L728,2024-02-12 5:27,347.4,339,76.5,76.7,82,81.6,6585,6516
8231,777,HL7766,L728,2024-02-12 5:29,346.7,338.4,76.5,76.6,81.9,81.6,6585,6516
8251,777,HL7766,L625,2024-02-12 12:21,368.6,362.9,80.1,80.2,83.6,83.3,6804,6775
8257,777,HL7766,L625,2024-02-12 13:09,401.5,395,81.7,81.8,85.3,85.1,7125,7051
8266,777,HL7766,L626,2024-02-12 17:42,408.7,401.9,84.1,84.3,85.7,85.5,7180,7098
8271,777,HL7766,L626,2024-02-12 17:42,408.7,401.8,84.1,84.3,85.7,85.5,7179,7097
8278,777,HL7766,L469,2024-02-13 1:27,397.7,393.3,84.3,84.4,85.1,84.8,7026,6974
8292,777,HL7766,L469,2024-02-13 3:29,398.6,392.5,82.8,82.9,85.2,85,7002,6962
8305,777,HL7766,L470,2024-02-13 8:19,403.1,397.4,83.1,83.3,85.3,85.1,6811,6773
8314,777,HL7766,L470,2024-02-13 8:34,397.8,392.8,83.1,83.4,85,84.9,6781,6767
8349,777,HL7766,L897,2024-02-14 3:12,363.6,358.6,81,81.1,83.2,83,6814,6782
8351,777,HL7766,L897,2024-02-14 3:12,363.7,358.7,81,81.1,83.2,83,6818,6784
8364,777,HL7766,L898,2024-02-14 6:58,363.4,355,75.8,75.9,82.5,82.2,6647,6575
8369,777,HL7766,L898,2024-02-14 6:58,363.3,355,75.8,75.9,82.5,82.2,6646,6575
8380,777,HL7766,L477,2024-02-14 11:27,364.5,360,80.7,80.8,83.3,83,7267,7258
8390,777,HL7766,L477,2024-02-14 14:14,403,397.5,85.1,85.2,85.3,85.1,6795,6762
8415,777,HL7766,L478,2024-02-15 2:11,413.9,404.9,83.6,83.7,85.6,85.3,7087,6975
8429,777,HL7766,L478,2024-02-15 2:51,403,398.1,83.5,83.6,85.4,85.2,6993,6892
8444,777,HL7766,L663,2024-02-15 9:03,401.2,395,84.8,84.8,84.9,84.7,7231,7139
8460,777,HL7766,L663,2024-02-15 14:02,399.6,392.7,82.2,82.3,85.2,85,6795,6754
8466,777,HL7766,L664,2024-02-15 17:19,411.5,403.7,83.9,84.1,85.8,85.6,7091,7023
8474,777,HL7766,L664,2024-02-15 19:55,391.4,385.5,82.4,82.6,84.7,84.5,6618,6586
8506,777,HL7766,L725,2024-02-16 7:14,354.3,347.4,78.4,78.5,82.4,82.1,6270,6225
8511,777,HL7766,L725,2024-02-16 7:19,355.3,349.1,78.3,78.5,82.4,82.1,6236,6172
8520,777,HL7766,L726,2024-02-16 10:05,360.5,352.3,77.4,77.5,82.8,82.5,6739,6661
8521,777,HL7766,L726,2024-02-16 10:32,342.8,336.4,76.4,76.5,81.8,81.4,6482,6421
8533,777,HL7766,L647,2024-02-16 14:56,389.6,385,82.6,82.8,84.6,84.4,7216,7144
8545,777,HL7766,L647,2024-02-16 17:04,408,402.8,84.1,84.2,85.7,85.5,7407,7346
8572,777,HL7766,L648,2024-02-17 5:14,423.6,416.2,87,87.2,86.4,86.1,7336,7225
8592,777,HL7766,L648,2024-02-17 6:23,418.1,411.5,86.1,86.2,86.1,85.8,7112,7030
8627,777,HL7766,L469,2024-02-18 1:07,410.4,405,84.6,84.8,85.8,85.5,7631,7576
8646,777,HL7766,L469,2024-02-18 3:12,411,405.8,84,84.2,85.9,85.7,7275,7227
8660,777,HL7766,L470,2024-02-18 8:13,417.4,410.5,84.5,84.6,86.1,85.9,7257,7162
8672,777,HL7766,L470,2024-02-18 9:44,412.6,406,84.8,84.9,85.6,85.3,6859,6769
8700,777,HL7766,L185,2024-02-19 1:03,393,386.7,81.7,81.9,84.7,84.5,6689,6657
8709,777,HL7766,L185,2024-02-19 2:07,387.7,383.2,81.8,81.9,84.7,84.4,6668,6616
8717,777,HL7766,L186,2024-02-19 5:15,387.3,381.9,82.3,82.5,84.3,84.1,6164,6119
8718,777,HL7766,L186,2024-02-19 5:15,387.3,381.9,82.3,82.5,84.3,84.1,6164,6119
8727,777,HL7766,L186,2024-02-19 5:15,387.6,382,82.3,82.5,84.3,84.1,6151,6116
8743,777,HL7766,L477,2024-02-19 11:45,377.4,372.9,82.7,82.8,84.1,83.8,7316,7266
8753,777,HL7766,L477,2024-02-19 15:57,412.8,404.2,78.8,78.9,85.2,85,7048,6966
8781,777,HL7766,L478,2024-02-20 2:39,414.9,410.4,84.5,84.7,85.9,85.8,7198,7123
8795,777,HL7766,L478,2024-02-20 3:50,400.6,396.5,83.3,83.5,85.3,85.1,6834,6784
8843,777,HL7766,L137,2024-02-21 1:37,381,376,79.9,80.1,84.4,84.1,8030,7954
8851,777,HL7766,L137,2024-02-21 1:54,382.6,374.5,78.8,79,83.3,82.9,7323,7261
8864,777,HL7766,L138,2024-02-21 6:14,373.3,369.5,82.6,82.7,83.9,83.6,6870,6849
8865,777,HL7766,L138,2024-02-21 6:14,373.3,369.5,82.6,82.7,83.9,83.6,6870,6849
8869,777,HL7766,L138,2024-02-21 6:40,367.3,363.9,82,82.1,83.5,83.3,6784,6755
8886,777,HL7766,L477,2024-02-21 12:47,382.1,377.4,81.8,81.9,84.3,84.1,7483,7418
8895,777,HL7766,L477,2024-02-21 16:33,406.5,403.4,82.5,82.7,85.8,85.6,7285,7232
8909,777,HL7766,L478,2024-02-22 3:28,413,407.8,83.8,84,86.1,85.9,7550,7515
8922,777,HL7766,L478,2024-02-22 3:30,411.8,406.7,83.8,84,86.1,85.9,7540,7491
8932,777,HL7766,L663,2024-02-22 9:34,413.5,407.9,85.5,85.6,85.9,85.6,7338,7260
8948,777,HL7766,L663,2024-02-22 12:17,403.2,397.7,84.2,84.2,85.4,85.1,6878,6804
8955,777,HL7766,L664,2024-02-22 17:25,414.5,407.9,84.4,84.6,86,85.8,7238,7151
8964,777,HL7766,L664,2024-02-22 18:17,414.2,407.7,82.3,82.5,86.1,85.8,7672,7590
8982,777,HL7766,L137,2024-02-23 3:45,371.4,363.5,77.9,78,82.4,82,7006,6898
8987,777,HL7766,L137,2024-02-23 3:55,355.1,347.9,77.2,77.4,82.5,82.1,6688,6588
8996,777,HL7766,L138,2024-02-23 7:33,401.8,394.8,82.7,82.8,84.8,84.6,6777,6724
9001,777,HL7766,L138,2024-02-23 7:39,402,396.9,83.7,83.9,85.3,85.1,7027,6958
9034,777,HL7766,L469,2024-02-24 1:05,398.5,392.3,83.2,83.3,85.2,85,7236,7165
9053,777,HL7766,L469,2024-02-24 3:57,403.1,399.6,83.3,83.5,85.5,85.3,7082,7031
9060,777,HL7766,L470,2024-02-24 7:38,425.6,419.1,85.5,85.6,86.3,86,7652,7552
9071,777,HL7766,L470,2024-02-24 8:33,404.7,398.7,84.3,84.5,85.6,85.4,7256,7195
9099,777,HL7766,L137,2024-02-25 1:35,362.6,356.5,78.1,78.3,83.3,83,7604,7500
9107,777,HL7766,L137,2024-02-25 2:00,381.9,374.2,78.7,78.9,83.3,83,7246,7172
9118,777,HL7766,L138,2024-02-25 6:14,394,389.8,81.8,81.9,84.9,84.8,6928,6871
9123,777,HL7766,L138,2024-02-25 6:29,394.3,391.4,82.5,82.6,85,84.8,7118,7036
9140,777,HL7766,L477,2024-02-25 11:42,415.5,409.6,84,84.1,86.1,85.8,7414,7331
9151,777,HL7766,L477,2024-02-25 13:30,405.1,400,83.6,83.7,85.6,85.4,7283,7208
9177,777,HL7766,L478,2024-02-26 2:11,408.3,403.6,83.9,84.1,85.6,85.4,7127,7029
9192,777,HL7766,L478,2024-02-26 3:05,395.4,391.1,83.4,83.6,85,84.8,6944,6895
9204,777,HL7766,L663,2024-02-26 9:12,408.1,401.1,83.1,83.2,85.3,84.9,7230,7150
9219,777,HL7766,L663,2024-02-26 13:02,392.2,388,82.7,82.9,84.8,84.5,6435,6411
9226,777,HL7766,L664,2024-02-26 17:20,412.1,404.7,83.9,84.1,85.8,85.6,7077,7002
9236,777,HL7766,L664,2024-02-26 18:41,402.9,399,83.5,83.7,85.3,85.2,6933,6868
9251,777,HL7766,L897,2024-02-27 3:29,391.4,386,82.3,82.4,84.8,84.6,7035,6961
9253,777,HL7766,L897,2024-02-27 3:29,390.7,385.5,82.1,82.3,84.7,84.5,6992,6923
9299,777,HL7766,L185,2024-02-28 0:59,368.3,364.4,81.4,81.5,83.2,83,6405,6388
9309,777,HL7766,L185,2024-02-28 1:21,373.1,370.2,82.6,82.7,83.7,83.4,6612,6597
9315,777,HL7766,L186,2024-02-28 5:31,362,358.8,81,81.2,83.2,82.9,6421,6413
9322,777,HL7766,L186,2024-02-28 5:43,359.9,356.9,81,81.2,83,82.7,6513,6493
9338,777,HL7766,L477,2024-02-28 11:41,390.5,385.3,84.6,84.7,84.7,84.4,7276,7170
9349,777,HL7766,L477,2024-02-28 14:39,411.8,406.9,85.4,85.5,85.9,85.6,6908,6851
9376,777,HL7766,L478,2024-02-29 2:04,418.4,413.5,85.6,85.8,86.3,86.1,7579,7494
9389,777,HL7766,L478,2024-02-29 2:39,419.3,413.9,85.3,85.4,86.3,86.1,7445,7344
9405,777,HL7766,L663,2024-02-29 9:02,383.3,380.2,83.4,83.6,84.4,84.2,7400,7344
9423,777,HL7766,L663,2024-02-29 11:02,406.6,402.4,84.3,84.4,85.6,85.3,6877,6808
9430,777,HL7766,L664,2024-02-29 17:22,409.3,403.1,83.8,84,85.7,85.5,7087,7017
9439,777,HL7766,L664,2024-02-29 18:35,398.7,394.1,83.2,83.4,85.2,85,6796,6761
9463,777,HL7766,L711,2024-03-01 5:24,350.1,343.6,77.9,78.1,82.4,82.1,6852,6753
9468,777,HL7766,L711,2024-03-01 5:35,346.1,340,77.6,77.8,82.2,81.8,6667,6595
9483,777,HL7766,L712,2024-03-01 9:59,370.9,367.5,80.9,81,83.7,83.5,6518,6467
9485,777,HL7766,L712,2024-03-01 9:59,370.9,367.5,80.9,81,83.7,83.5,6517,6466
9498,777,HL7766,L647,2024-03-01 14:58,400.8,395.9,83.2,83.4,85.1,84.9,7303,7231
9515,777,HL7766,L647,2024-03-01 18:02,408.7,404.4,83.8,84,85.7,85.5,7204,7150
9537,777,HL7766,L648,2024-03-02 3:58,409.9,403.8,83.4,83.7,86,85.8,7327,7292
9534,777,HL7766,L648,2024-03-02 3:58,409.9,,83.4,,86,,7327,
9553,777,HL7766,L648,2024-03-02 4:39,407.8,402.2,83.3,83.6,85.9,85.7,7326,7278
9572,777,HL7766,L647,2024-03-02 15:12,394.1,390.6,82.9,83,85.1,84.8,7795,7730
9590,777,HL7766,L647,2024-03-02 17:42,411,407.5,83.8,83.9,86.1,85.8,7496,7426
9606,777,HL7766,L648,2024-03-03 4:04,418.4,411.5,84.4,84.7,86.2,86.1,7471,7401
9622,777,HL7766,L648,2024-03-03 6:26,411.4,405.8,83.9,84,85.8,85.6,7062,6979
9639,777,HL7766,L647,2024-03-03 15:05,416.6,412.5,87,87.1,86.1,85.8,7566,7487
9652,777,HL7766,L647,2024-03-03 16:48,420.3,414.2,86.2,86.3,86.2,85.8,7180,7081
9673,777,HL7766,L648,2024-03-04 3:47,409,403.9,83.2,83.5,85.9,85.7,7339,7292
9692,777,HL7766,L648,2024-03-04 6:04,403.6,400.5,82.7,83,85.6,85.5,7193,7143
9787,777,HL7766,L185,2024-03-06 1:03,427.6,422.6,85.8,85.9,86.6,86.3,7200,7105
9795,777,HL7766,L185,2024-03-06 2:03,407.3,402.2,84,84.1,85.6,85.3,6799,6731
9805,777,HL7766,L186,2024-03-06 5:32,405.2,399,82.8,83,85.5,85.3,6672,6624
9809,777,HL7766,L186,2024-03-06 5:50,403.9,399.7,83.1,83.3,85.5,85.3,6702,6679
9824,777,HL7766,L477,2024-03-06 11:52,423,418.5,84.2,84.3,86.4,86.2,7344,7269
9833,777,HL7766,L477,2024-03-06 12:22,421.9,418.2,85,85.2,86.5,86.3,7546,7479
9858,777,HL7766,L478,2024-03-07 2:06,418.5,413.5,84.2,84.5,86.3,86.1,7650,7604
9868,777,HL7766,L478,2024-03-07 2:56,410.8,407,84.5,84.6,85.8,85.6,7210,7152
9878,777,HL7766,L663,2024-03-07 9:04,406.5,403.2,83.6,83.7,85.8,85.5,7378,7334
9879,777,HL7766,L663,2024-03-07 9:04,406.5,403.2,83.6,83.7,85.8,85.5,7378,7334
9894,777,HL7766,L663,2024-03-07 10:14,413.6,409.9,84.2,84.3,86.1,85.8,7395,7343
9902,777,HL7766,L664,2024-03-07 17:20,419.2,412.5,84.8,84.9,86.3,86.1,7286,7223
9911,777,HL7766,L664,2024-03-07 18:11,408,402.8,84,84.2,85.8,85.6,7105,7033
9959,777,HL7766,L615,2024-03-08 10:57,392.5,388.8,81.9,82,84.9,84.7,7245,7172
9966,777,HL7766,L615,2024-03-08 12:43,404.9,398.5,81.6,81.7,85.5,85.2,6939,6862
9974,777,HL7766,L616,2024-03-08 16:59,419.7,414.4,83.2,83.4,86.4,86.2,7586,7518
9981,777,HL7766,L616,2024-03-08 17:09,410.1,406,82.6,82.9,86,85.8,7343,7277
10017,777,HL7766,L623,2024-03-09 10:33,423.2,418.7,85.7,85.9,86.4,86.1,7044,7005
10027,777,HL7766,L623,2024-03-09 12:14,410.3,405.7,84.4,84.6,85.6,85.4,6763,6729
10036,777,HL7766,L624,2024-03-09 16:35,421,415.7,85,85.2,86.4,86.2,7357,7276
10043,777,HL7766,L624,2024-03-09 17:43,413.9,409.5,84,84.2,86,85.8,6940,6878
10070,777,HL7766,L897,2024-03-10 3:18,383.3,378.1,80.8,81,84.4,84.1,7070,6989
10072,777,HL7766,L897,2024-03-10 3:38,395.8,390.8,81.3,81.5,85.1,84.8,7077,6984
10082,777,HL7766,L898,2024-03-10 7:04,376.6,368.8,75.5,75.6,81.8,81.5,6700,6646
10084,777,HL7766,L898,2024-03-10 7:04,376.6,,75.5,,81.8,,6700,
10086,777,HL7766,L898,2024-03-10 7:18,351.5,345.3,75.1,75.2,81.8,81.4,6509,6441
10126,777,HL7766,L171,2024-03-11 0:19,396,391.6,82.8,82.9,84.8,84.6,6554,6515
10140,777,HL7766,L171,2024-03-11 0:53,406.5,401.8,83.5,83.7,85.5,85.2,6539,6478
10149,777,HL7766,L172,2024-03-11 5:47,414.3,409.8,83.2,83.4,86.1,85.9,7284,7193
10158,777,HL7766,L172,2024-03-11 6:00,411.4,408.4,83.3,83.5,86.1,85.8,7273,7211
10169,777,HL7766,L477,2024-03-11 11:32,394.8,391,82.5,82.7,84.9,84.7,7101,7058
10178,777,HL7766,L477,2024-03-11 14:37,406.8,403.1,82.9,83.1,85.7,85.6,7195,7152
10201,777,HL7766,L478,2024-03-12 2:12,429.2,424,84.3,84.5,87.1,86.9,8098,8076
10211,777,HL7766,L478,2024-03-12 3:11,414.6,411,84.7,84.8,86.1,85.8,7236,7173
10226,777,HL7766,L615,2024-03-12 10:57,397.5,394.1,82.3,82.5,85.1,84.8,6917,6872
10231,777,HL7766,L615,2024-03-12 11:57,414,411.4,83.7,83.9,86.1,85.9,7114,7071
10242,777,HL7766,L616,2024-03-12 16:48,416.1,410.7,83.3,83.5,86.1,85.9,7316,7256
10244,777,HL7766,L616,2024-03-12 18:05,412.5,407.4,83.5,83.6,85.9,85.7,6911,6847
10268,777,HL7766,L855,2024-03-13 3:09,340.8,333.7,75.1,75.2,81.3,80.9,6143,6089
10272,777,HL7766,L855,2024-03-13 3:09,340.8,333.8,75.1,75.2,81.3,80.9,6144,6090
10295,777,HL7766,L615,2024-03-13 11:06,412.3,408.5,85,85.1,85.7,85.5,7023,6951
10301,777,HL7766,L615,2024-03-13 11:55,419.3,413,84.6,85,86,85.8,6905,6856
10310,777,HL7766,L616,2024-03-13 16:51,414.7,410.7,82.8,83,86.2,86,7362,7319
10315,777,HL7766,L616,2024-03-13 18:59,400,396.5,82.6,82.8,85.3,85.1,6549,6532
10353,777,HL7766,L615,2024-03-14 10:50,388.4,383.7,81,81.2,84.4,84.2,6986,6955
10362,777,HL7766,L615,2024-03-14 12:45,405.9,401.5,83,83.1,85.5,85.3,6815,6755
10370,777,HL7766,L616,2024-03-14 17:08,415.3,410.7,84.2,84.5,86,85.8,7129,7072
10373,777,HL7766,L616,2024-03-14 17:12,419.7,414.8,84.8,85,86.3,86.1,7306,7206
10382,777,HL7766,L171,2024-03-15 0:22,426.7,422.1,85.6,85.7,86.5,86.3,7157,7080
10395,777,HL7766,L171,2024-03-15 0:59,422.2,418.3,85.4,85.5,86.3,86.1,7046,6971
10407,777,HL7766,L172,2024-03-15 6:14,407.8,402.9,83.4,83.6,85.6,85.4,6892,6831
10414,777,HL7766,L172,2024-03-15 6:44,413.8,410,84.3,84.5,86,85.8,7034,6959
10422,777,HL7766,L615,2024-03-15 11:12,429.6,424.8,86,86.1,86.7,86.5,7213,7131
10433,777,HL7766,L615,2024-03-15 13:32,399.3,392.9,80.9,81.1,85.1,84.8,6787,6700
10441,777,HL7766,L616,2024-03-15 16:46,408.5,404.2,83,83.2,85.8,85.6,7211,7132
10445,777,HL7766,L616,2024-03-15 17:32,404.7,401,82.5,82.7,85.6,85.4,6990,6940
10490,777,HL7766,L615,2024-03-16 10:56,419.2,414.5,83.7,83.8,86.3,86,7080,6978
10501,777,HL7766,L615,2024-03-16 13:16,405.2,398.8,81.5,81.6,85.4,85.1,6952,6845
10513,777,HL7766,L616,2024-03-16 16:49,410.2,405,83.7,83.8,85.7,85.5,7044,6985
10517,777,HL7766,L616,2024-03-16 18:24,400.8,396.9,82.8,83,85.3,85.1,6709,6691
10594,777,HL7766,L171,2024-03-18 0:11,393.8,389,82.7,82.9,84.7,84.4,6556,6499
10608,777,HL7766,L171,2024-03-18 1:45,389.5,385.4,82.4,82.5,84.6,84.4,6351,6288
10620,777,HL7766,L172,2024-03-18 5:59,408,403.9,85.2,85.3,85.7,85.3,6859,6803
10625,777,HL7766,L172,2024-03-18 6:04,404.6,401.1,84.6,84.7,85.5,85.1,6741,6678
10632,777,HL7766,L615,2024-03-18 10:50,403.5,399.6,84.2,84.3,85.3,85.1,6995,6913
10641,777,HL7766,L615,2024-03-18 12:43,405.4,400,82.1,82.3,85.6,85.3,7286,7185
10650,777,HL7766,L616,2024-03-18 16:46,406.4,403.3,83.8,84,85.7,85.5,7065,7014
10654,777,HL7766,L616,2024-03-18 16:58,407.3,404.4,84.1,84.3,85.7,85.5,7184,7118
10664,777,HL7766,L185,2024-03-19 1:05,387.4,383.9,82.1,82.2,84.6,84.4,6906,6840
10670,777,HL7766,L185,2024-03-19 1:33,393.5,390.1,82.3,82.4,85,84.8,6861,6801
10679,777,HL7766,L186,2024-03-19 5:08,388.1,385,81.6,81.8,84.5,84.3,6420,6374
10685,777,HL7766,L186,2024-03-19 5:17,381.6,379.1,81.4,81.6,84.3,84.1,6371,6324
10697,777,HL7766,L615,2024-03-19 10:55,396.6,392.5,82.2,82.3,85,84.8,6835,6770
10704,777,HL7766,L615,2024-03-19 13:48,397.1,390,78.9,79.1,84.7,84.4,6673,6580
10711,777,HL7766,L616,2024-03-19 16:40,409,405.1,85.2,85.3,85.7,85.4,7038,6951
10714,777,HL7766,L616,2024-03-19 16:45,403.1,399.5,84.7,84.8,85.4,85,6797,6735
10896,777,HL7766,L615,2024-03-22 10:56,366.8,363,81,81.2,83.1,82.8,6271,6256
10904,777,HL7766,L615,2024-03-22 12:53,398.8,395.6,82.5,82.6,85.2,85,6780,6745
10914,777,HL7766,L616,2024-03-22 16:44,406.3,401.6,82.7,82.9,85.5,85.3,7126,7050
10918,777,HL7766,L616,2024-03-22 17:42,402.2,398.5,82.5,82.7,85.4,85.2,7057,6979
10941,777,HL7766,L792,2024-03-23 5:36,382.3,374.8,78.2,78.4,84.1,83.8,7494,7391
10944,777,HL7766,L792,2024-03-23 5:44,380.6,373.1,78.3,78.4,84.1,83.8,7491,7386
10965,777,HL7766,L663,2024-03-23 9:53,391.6,387.2,82.9,83,84.9,84.7,7072,7009
10963,777,HL7766,L663,2024-03-23 9:53,391.6,387.2,82.9,83,84.9,84.7,7072,7009
10978,777,HL7766,L663,2024-03-23 13:42,395.4,391.2,83.1,83.3,84.9,84.6,6550,6496
10984,777,HL7766,L664,2024-03-23 17:27,406.5,399.8,82.7,82.9,85.1,84.8,6763,6707
10994,777,HL7766,L664,2024-03-23 17:29,404.6,397.7,82.5,82.7,85,84.7,6729,6672
11021,777,HL7766,L792,2024-03-24 5:43,386.9,380.1,78.7,78.9,84.5,84.2,7565,7466
11023,777,HL7766,L792,2024-03-24 5:48,387.5,380.4,78.8,79,84.6,84.2,7603,7492
11034,777,HL7766,L663,2024-03-24 8:53,385.6,380.1,80.3,80.5,84.5,84.2,7463,7383
11049,777,HL7766,L663,2024-03-24 11:10,401,397.5,84.4,84.6,85.3,85.1,6940,6886
11056,777,HL7766,L664,2024-03-24 17:20,399.5,394.7,83,83.2,85.2,85,6914,6859
11064,777,HL7766,L664,2024-03-24 19:30,389.5,385.4,82.4,82.5,84.7,84.5,6667,6636
11072,777,HL7766,L185,2024-03-25 0:46,383.7,378.1,81.5,81.7,83.9,83.5,6825,6744
11076,777,HL7766,L185,2024-03-25 1:55,384.7,382,81.6,81.8,84.5,84.3,6678,6636
11085,777,HL7766,L186,2024-03-25 4:59,378.4,374.1,81.1,81.3,84,83.8,6321,6284
11091,777,HL7766,L186,2024-03-25 5:00,378.1,374,81,81.2,84,83.7,6313,6275
11110,777,HL7766,L615,2024-03-25 11:46,387.2,383.5,82.9,83,84.4,84.1,6480,6442
11118,777,HL7766,L615,2024-03-25 12:23,383.6,380.3,82.7,82.9,84.3,84.1,6508,6472
11126,777,HL7766,L616,2024-03-25 16:53,398.7,395.2,83.1,83.3,85.3,85.1,6841,6833
11129,777,HL7766,L616,2024-03-25 18:11,391,386.7,83.6,83.7,84.7,84.5,6513,6477
11173,777,HL7766,L477,2024-03-26 11:42,383,380.1,84,84.1,84.4,84.1,7066,6994
11180,777,HL7766,L477,2024-03-26 14:28,391.5,388,82.2,82.4,84.9,84.7,6780,6742
11201,777,HL7766,L478,2024-03-27 2:15,401.8,397.5,82.5,82.7,85.3,85.1,7153,7095
11212,777,HL7766,L478,2024-03-27 3:50,397,391.2,81.1,81.4,85.1,84.8,7123,7057
11288,777,HL7766,L615,2024-03-28 10:58,373.2,370.2,81.7,81.8,83.9,83.6,6913,6878
11293,777,HL7766,L615,2024-03-28 13:18,391.3,389.2,82,82.2,84.8,84.6,6742,6690
11303,777,HL7766,L616,2024-03-28 16:52,401.4,398.3,83.3,83.5,85.3,85.1,6915,6858
11307,777,HL7766,L616,2024-03-28 16:55,401.1,398.3,83.4,83.6,85.4,85.1,6945,6876
11321,777,HL7766,L897,2024-03-29 3:21,358.6,351.6,77.7,77.8,82.8,82.5,6785,6716
11325,777,HL7766,L897,2024-03-29 3:26,362.2,354.5,78,78.2,83,82.7,6857,6797
11349,777,HL7766,L615,2024-03-29 11:13,364.1,360.3,80.8,80.9,83.2,82.9,6701,6669
11357,777,HL7766,L615,2024-03-29 13:56,393,389.2,82.2,82.4,84.9,84.8,6761,6728
11366,777,HL7766,L616,2024-03-29 17:14,404.4,400.6,84.4,84.5,85.4,85.1,6681,6644
11372,777,HL7766,L616,2024-03-29 18:15,391.6,387,84,84,84.7,84.5,6666,6613
11417,777,HL7766,L477,2024-03-30 11:51,363.4,360.2,80.9,81.1,83.2,83,6877,6848
11427,777,HL7766,L477,2024-03-30 15:42,400,394,80.6,80.7,85.1,84.8,6750,6702
11451,777,HL7766,L478,2024-03-31 2:05,411.6,407.3,83.6,83.8,85.9,85.7,7481,7441
11472,777,HL7766,L478,2024-03-31 2:52,392.3,389.6,81.7,81.9,85.1,84.9,7444,7393
11540,777,HL7766,L955,2024-04-01 5:38,391.9,385.6,80.3,80.5,85,84.7,8714,8630
11571,777,HL7766,L955,2024-04-01 6:13,400.3,393.8,79.2,79.4,85.1,84.9,8794,8692
11579,777,HL7766,L956,2024-04-01 19:29,384.7,381.1,83.2,83.4,84.6,84.3,7844,7758
11608,777,HL7766,L956,2024-04-01 20:28,368,365.7,82,82.2,83.7,83.5,7432,7361
11633,777,HL7766,L615,2024-04-02 12:32,388.7,382.6,83.3,83.7,84.6,84.3,6745,6735
11635,777,HL7766,L615,2024-04-02 13:50,401.8,398.6,83.9,84,85.2,85,6734,6696
11641,777,HL7766,L616,2024-04-02 17:52,399.6,396.4,84.1,84.2,85.2,84.9,6581,6531
11646,777,HL7766,L616,2024-04-02 19:09,397.7,394.9,83.8,84,85.1,84.8,6490,6438
11805,777,HL7766,L927,2024-04-05 5:50,429.5,412.9,85.1,85.4,86.1,86.4,10110,9924
11832,777,HL7766,L927,2024-04-05 8:18,364.2,362.2,81.6,81.7,83.7,83.5,8306,8236
11842,777,HL7766,L928,2024-04-05 21:08,392.2,389.7,83.8,83.9,85.2,84.9,8683,8608
11874,777,HL7766,L928,2024-04-06 5:18,346.9,343.6,78.6,78.7,82.4,82,6840,6794
11888,777,HL7766,L615,2024-04-06 12:15,368,362.5,80,80.1,83.7,83.3,6847,6744
11891,777,HL7766,L615,2024-04-06 14:24,411.5,405.5,81,81.1,85.8,85.6,7288,7200
11898,777,HL7766,L616,2024-04-06 17:53,404.6,400.6,84.2,84.3,85.4,85.2,6690,6628
11904,777,HL7766,L616,2024-04-06 17:58,412.2,408.1,85.3,85.4,85.8,85.6,6921,6849
11932,777,HL7766,L927,2024-04-07 5:54,413.9,410.3,84.5,84.7,86.4,86.2,9784,9726
11970,777,HL7766,L927,2024-04-07 17:26,367.3,365,82,82,83.4,83.1,6518,6496
11978,777,HL7766,L928,2024-04-07 21:00,405.4,401.4,83.9,84.1,85.7,85.5,8455,8427
12002,777,HL7766,L928,2024-04-08 2:46,354.8,353.2,81.8,81.9,82.7,82.4,6947,6936
12010,777,HL7766,L411,2024-04-08 10:44,413,409.8,85.5,85.7,86.2,86,8980,8893
12034,777,HL7766,L411,2024-04-08 12:31,435.4,431.4,87.6,87.6,87.2,87,8778,8692
12040,777,HL7766,L412,2024-04-09 0:28,421.2,417.5,84.9,85.2,86.5,86.4,9035,8967
12080,777,HL7766,L412,2024-04-09 6:55,422.8,419.2,85,85.2,86.5,86.3,7553,7489
12124,777,HL7766,L955,2024-04-10 5:42,395.6,392,82.1,82.3,85.4,85.2,8760,8713
12183,777,HL7766,L955,2024-04-10 11:46,371.6,368.7,82.3,82.3,83.6,83.3,6649,6614
12190,777,HL7766,L956,2024-04-10 19:24,369.2,367.6,82.1,82.2,83.7,83.5,7422,7366
12215,777,HL7766,L956,2024-04-10 23:21,356.3,354.7,81.5,81.7,82.7,82.5,6729,6703
12228,777,HL7766,L725,2024-04-11 7:07,364.5,356.5,78.4,78.5,82.5,82.2,5888,5802
12231,777,HL7766,L725,2024-04-11 7:15,356.9,351.6,79.1,79.2,82.5,82.2,5990,5931
12236,777,HL7766,L726,2024-04-11 9:58,371.3,364.2,79.7,79.8,83.1,82.7,6491,6419
12239,777,HL7766,L726,2024-04-11 10:13,358.8,354.3,79,79.1,82.8,82.5,6214,6170
12289,777,HL7766,L927,2024-04-12 5:53,401.4,396.4,82.3,82.5,85.4,85.2,9567,9496
12322,777,HL7766,L927,2024-04-12 11:28,373.4,370.6,82.5,82.5,84.1,83.8,7984,7890
12331,777,HL7766,L928,2024-04-12 20:57,394.1,392.2,85,85.1,85.1,84.8,8332,8259
12364,777,HL7766,L928,2024-04-12 23:11,364.9,363.1,81.8,81.9,83.4,83.1,7391,7330
12422,777,HL7766,L955,2024-04-14 6:01,414.5,410.4,83.8,84,86.4,86.1,9286,9211
12445,777,HL7766,L955,2024-04-14 13:29,357.2,354.3,81,81.1,82.8,82.5,6791,6735
12451,777,HL7766,L956,2024-04-14 19:06,377.1,373.7,82.7,82.9,84.1,83.8,7575,7532
12472,777,HL7766,L956,2024-04-14 22:54,356,354.2,81.5,81.6,82.7,82.4,6760,6723
12495,777,HL7766,L411,2024-04-15 9:47,426.9,423.9,85.5,85.6,86.9,86.7,9698,9661
12519,777,HL7766,L411,2024-04-15 11:46,434.5,431.8,85.5,85.6,87.3,87.1,8641,8602
12526,777,HL7766,L412,2024-04-15 23:36,428.2,423.8,85.6,85.8,87,86.8,9382,9335
12561,777,HL7766,L412,2024-04-16 4:07,435.2,431.9,87,87,87.2,87,8215,8144
12608,777,HL7766,L927,2024-04-17 6:00,424,419.7,83.2,83.3,85.3,85.1,9077,8963
12639,777,HL7766,L927,2024-04-17 7:17,409.6,406.7,84.4,84.5,86,85.8,9094,9005
12646,777,HL7766,L928,2024-04-17 21:19,416.8,416.8,84.3,84.2,86.2,86,8620,8529
12679,777,HL7766,L928,2024-04-18 7:24,378.8,370.4,75.6,75.5,82.8,82.5,6551,6459
12684,777,HL7766,L455,2024-04-18 10:38,375.2,371.6,80.7,80.8,84,83.7,7094,7022
12694,777,HL7766,L455,2024-04-18 12:23,402.6,394.8,81.6,81.7,84.6,84.3,6721,6621
12702,777,HL7766,L456,2024-04-18 17:26,412.6,407.8,83.5,83.7,85.9,85.6,7489,7428
12706,777,HL7766,L456,2024-04-18 17:54,393,389.8,83,83.1,84.8,84.6,6979,6893
12747,777,HL7766,L411,2024-04-19 9:45,434,430.3,86.2,86.3,87.2,87,9151,9073
12769,777,HL7766,L411,2024-04-19 11:03,428.4,425.6,85.5,85.6,87,86.8,8744,8709
12777,777,HL7766,L412,2024-04-20 0:13,416,412.4,83.9,84.1,86.4,86.1,8733,8685
12809,777,HL7766,L412,2024-04-20 8:14,413.5,410.5,84.4,84.5,86,85.7,7259,7187
12856,777,HL7766,L927,2024-04-21 6:01,433.6,430.8,88.2,88.2,87.2,86.9,9315,9250
12888,777,HL7766,L927,2024-04-21 16:21,391.9,389,82.6,82.7,84.8,84.6,6947,6864
12894,777,HL7766,L928,2024-04-21 20:55,407.6,404.3,84.7,84.8,85.8,85.5,8937,8849
12921,777,HL7766,L928,2024-04-22 1:49,371,369.6,82.3,82.4,83.9,83.6,7530,7465
12935,777,HL7766,L615,2024-04-22 12:56,378.5,375.9,82.4,82.5,84,83.8,6423,6398
12936,777,HL7766,L615,2024-04-22 15:00,389.2,385.7,82.3,82.4,84.5,84.3,6266,6211
12944,777,HL7766,L616,2024-04-22 18:03,485.5,470.4,82.6,82.6,86.1,85.7,7354,7162
12951,777,HL7766,L616,2024-04-22 20:55,358.3,355.7,80.1,80.1,82.7,82.4,6092,6012
12996,777,HL7766,L615,2024-04-23 12:06,389.6,385.7,82.6,82.7,84.6,84.4,7182,7116
12998,777,HL7766,L615,2024-04-23 14:45,399.8,396.6,83.5,83.6,85.2,85,6621,6567
13004,777,HL7766,L616,2024-04-23 17:48,406.8,406.2,83.3,83.3,85.5,85.3,6887,6804
13007,777,HL7766,L616,2024-04-23 17:54,402.5,402.4,82.9,82.9,85.3,85,6791,6711
13034,777,HL7766,L927,2024-04-24 5:49,397.7,394.8,83,83.2,85.3,85.1,9225,9129
13056,777,HL7766,L927,2024-04-24 6:21,386.7,384,80.3,80.5,84.6,84.4,8711,8654
13062,777,HL7766,L928,2024-04-24 21:11,392.2,389.5,83.1,83.3,85,84.7,8367,8300
13094,777,HL7766,L928,2024-04-25 5:09,355.3,354.6,81.2,81.3,82.7,82.4,6618,6590
13151,777,HL7766,L927,2024-04-26 6:04,398.1,395.7,82.9,83.1,85.4,85.1,9123,9022
13188,777,HL7766,L927,2024-04-26 11:09,369.3,367.3,82.2,82.3,83.8,83.5,7834,7747
13206,777,HL7766,L928,2024-04-26 22:30,380.6,378.7,82.9,83,84.6,84.4,8358,8259
13229,777,HL7766,L928,2024-04-27 3:48,367.5,365.6,82.8,82.8,83.4,83.1,7050,6976
13244,777,HL7766,L659,2024-04-27 11:43,413.8,410.9,86.3,86.3,85.9,85.7,7634,7538
13254,777,HL7766,L659,2024-04-27 15:39,400.6,397.7,83.6,83.6,85.3,85,6694,6644
13281,777,HL7766,L660,2024-04-28 3:45,421.5,418,83.5,83.7,86.5,86.3,7964,7878
13301,777,HL7766,L660,2024-04-28 4:29,417.9,414.8,83.5,83.7,86.5,86.2,7848,7758
13351,777,HL7766,L695,2024-04-29 6:01,417.9,413.9,85.4,85.6,86.4,86.2,8551,8492
13376,777,HL7766,L696,2024-04-29 14:32,419.9,414.9,83.8,84,86.2,86,7552,7448
13386,777,HL7766,L696,2024-04-29 14:51,415.5,412.2,84.1,84.3,86.2,86,7574,7510
13401,777,HL7766,L723,2024-04-30 1:24,386.9,379.1,78.5,78.7,84,83.7,6569,6500
13403,777,HL7766,L723,2024-04-30 1:28,386.6,379.4,79,79.2,84.2,83.9,6687,6615
13414,777,HL7766,L724,2024-04-30 4:11,386.1,380.5,80.1,80.3,84.6,84.2,6808,6709
13417,777,HL7766,L724,2024-04-30 4:12,386.1,380.2,80.1,80.3,84.6,84.2,6824,6692
13501,777,HL7766,L615,2024-05-01 12:04,385.7,378.4,79.5,79.7,84.2,83.9,7099,6988
13499,777,HL7766,L615,2024-05-01 12:04,385.7,378.4,79.5,79.7,84.2,83.9,7099,6988
13505,777,HL7766,L615,2024-05-01 14:15,406.1,401,84,84.1,85.5,85.2,6738,6658
13511,777,HL7766,L616,2024-05-01 17:50,404.5,401.1,82.9,83.1,85.5,85.2,6775,6691
13516,777,HL7766,L616,2024-05-01 17:54,404.2,400.7,82.9,83.1,85.5,85.3,6775,6691
13545,777,HL7766,L497,2024-05-02 5:45,385.6,382,82,82.2,84.6,84.4,7525,7444
13576,777,HL7766,L497,2024-05-02 12:46,371.2,367.9,81.4,81.4,83.6,83.3,6173,6100
13585,777,HL7766,L498,2024-05-02 16:16,412.8,409.1,85.8,85.9,86,85.6,7727,7616
13596,777,HL7766,L498,2024-05-02 16:21,410,406.7,85.4,85.5,85.8,85.5,7633,7528
13620,777,HL7766,L897,2024-05-03 4:11,389.1,384,79.9,80,83.8,83.5,6915,6826
13622,777,HL7766,L897,2024-05-03 4:22,397.7,391.5,79.4,79.5,84,83.7,6768,6684
13653,777,HL7766,L659,2024-05-03 11:48,394.3,390.5,82.8,83,85,84.7,7174,7095
13663,777,HL7766,L659,2024-05-03 13:19,404.7,401.5,83.2,83.3,85.6,85.4,7032,6950
13694,777,HL7766,L660,2024-05-04 3:42,407.7,403.7,83.9,84.1,85.7,85.5,7008,6937
13713,777,HL7766,L660,2024-05-04 5:15,405.3,401.3,83.6,83.8,85.6,85.3,6969,6891
13770,777,HL7766,L955,2024-05-05 6:28,435.2,431.2,87,87,87.2,86.9,8955,8860
13793,777,HL7766,L955,2024-05-05 9:34,388.5,386.5,84.6,84.6,84.8,84.5,7724,7644
13798,777,HL7766,L956,2024-05-05 20:15,403.2,399.9,84.9,84.9,85.4,85.1,8309,8203
13820,777,HL7766,L956,2024-05-06 3:08,350.4,347.5,78.5,78.7,82.6,82.2,6846,6788
13835,777,HL7766,L695,2024-05-06 7:07,431.5,429.9,88.1,87.9,87.1,86.8,8654,8564
13865,777,HL7766,L696,2024-05-06 16:24,412.7,408.1,85,85.1,85.9,85.7,7342,7243
13877,777,HL7766,L696,2024-05-06 20:05,389.5,384.9,80,80.1,84.6,84.3,6954,6855
13902,777,HL7766,L497,2024-05-07 5:56,408.6,405,86.1,86.1,85.7,85.4,7373,7269
13928,777,HL7766,L497,2024-05-07 12:02,414,409.3,83.4,83.5,85.9,85.7,6452,6385
13934,777,HL7766,L498,2024-05-07 16:14,451.9,447,87.2,87.2,87.8,87.6,7775,7660
13942,777,HL7766,L498,2024-05-07 16:15,451.3,446.5,87.2,87.3,87.9,87.7,7765,7665
13969,777,HL7766,L695,2024-05-08 5:44,382.7,383,81.6,81.5,84.5,84.4,7957,7858
13994,777,HL7766,L696,2024-05-08 14:27,443.9,438.8,86.5,86.6,87.5,87.2,7599,7495
14005,777,HL7766,L696,2024-05-08 14:28,442.4,437.3,86.3,86.4,87.4,87.1,7558,7449
14034,777,HL7766,L497,2024-05-09 4:51,386.5,383.6,82.9,83.1,84.1,83.8,7374,7282
14069,777,HL7766,L497,2024-05-09 11:39,403.6,399.9,83.8,83.9,85.2,84.9,6141,6074
14073,777,HL7766,L498,2024-05-09 15:11,445.1,441.6,87.5,87.5,87.5,87.3,8030,7942
14083,777,HL7766,L498,2024-05-09 15:21,446.4,443,87.7,87.7,87.6,87.4,8082,7986
14108,777,HL7766,L695,2024-05-10 5:58,397.5,393.5,83.1,83.4,85.2,84.9,8011,7930
14130,777,HL7766,L696,2024-05-10 14:33,423.5,419.3,84.2,84.5,86.7,86.4,7577,7499
14140,777,HL7766,L696,2024-05-10 14:48,424.4,420.6,84.4,84.6,86.7,86.4,7661,7592
14283,777,HL7766,L955,2024-05-13 6:04,403.7,399.5,81.4,81.7,85.7,85.5,9068,8998
14311,777,HL7766,L955,2024-05-13 8:05,399.5,396.7,83.4,83.6,85.5,85.3,8595,8496
14314,777,HL7766,L956,2024-05-13 19:11,399.2,395.6,83.4,83.6,85.2,84.9,7764,7645
14337,777,HL7766,L956,2024-05-14 1:44,376.2,372.7,83.1,83.1,83.7,83.4,6459,6411
14394,777,HL7766,L724,2024-05-15 4:48,387.7,382.5,81.8,82,84.4,84.1,6299,6220
14396,777,HL7766,L724,2024-05-15 4:48,387.6,382.6,81.8,82,84.4,84.1,6303,6222
14445,777,HL7766,L497,2024-05-16 5:24,381.9,379.2,83.3,83.4,84.4,84.1,7406,7330
14464,777,HL7766,L497,2024-05-16 11:02,395.8,391.8,82,82.2,85.1,84.8,6665,6581
14471,777,HL7766,L498,2024-05-16 15:16,414.3,409.3,82.3,82.5,86.1,85.8,7512,7386
14477,777,HL7766,L498,2024-05-16 20:03,380.2,372.3,78.9,79,83.8,83.4,6742,6602
14503,777,HL7766,L955,2024-05-17 5:48,388.2,384.9,81.3,81.4,84.9,84.6,8469,8342
14526,777,HL7766,L955,2024-05-17 10:43,393,387.2,84.9,85.1,84.9,84.4,7325,7219
14530,777,HL7766,L956,2024-05-17 19:20,392.8,388.8,83.1,83.3,85.1,84.8,8366,8264
14549,777,HL7766,L956,2024-05-17 19:21,393.1,389.1,83.2,83.3,85.1,84.8,8376,8269
14600,777,HL7766,L497,2024-05-19 5:05,409,406.1,85.5,85.5,86,85.7,7976,7894
14622,777,HL7766,L497,2024-05-19 10:31,422.5,417.8,85.2,85.2,86.4,86.1,7003,6910
14630,777,HL7766,L498,2024-05-19 15:09,442.5,436.9,85.4,85.6,87.5,87.2,7942,7843
14637,777,HL7766,L498,2024-05-19 16:00,432.7,429,86.3,86.4,87,86.7,7590,7460
14666,777,HL7766,L955,2024-05-20 5:46,415.2,,82,,86.1,,9152,
14665,777,HL7766,L955,2024-05-20 5:46,415.2,410,82,82.2,86.1,85.9,9152,9034
14689,777,HL7766,L955,2024-05-20 14:27,361.2,357.7,80.6,80.8,83.2,82.9,6680,6591
14696,777,HL7766,L956,2024-05-20 19:11,380.9,377.5,82.5,82.7,84.4,84.1,7552,7454
14715,777,HL7766,L956,2024-05-21 1:21,362.7,359.3,80.6,80.6,83.1,82.8,6224,6144
14744,777,HL7766,L615,2024-05-21 12:08,399.5,395.3,84.2,84.3,85,84.8,6945,6836
14745,777,HL7766,L615,2024-05-21 14:46,397.3,393.4,82.9,83,84.9,84.6,6412,6320
14747,777,HL7766,L616,2024-05-21 17:51,409.5,405.8,83.4,83.6,85.7,85.5,6917,6802
14750,777,HL7766,L616,2024-05-21 17:56,407.9,404.3,83.3,83.4,85.7,85.5,6887,6768
14774,777,HL7766,L695,2024-05-22 5:45,429.7,422.8,83.3,83.5,86.2,85.9,8408,8268
14794,777,HL7766,L696,2024-05-22 14:42,429.1,423.5,84,84.1,86.8,86.6,7482,7334
14802,777,HL7766,L696,2024-05-22 17:42,380.8,375.2,80.6,80.7,84.1,83.8,6582,6473
14814,777,HL7766,L653,2024-05-23 1:37,403.4,449,84,82.5,85.2,85.5,6882,7084
14834,777,HL7766,L653,2024-05-23 5:14,474.3,406,82.1,83.4,86.1,85,7097,6544
14844,777,HL7766,L654,2024-05-23 9:14,419.2,413.6,82.1,82.3,86.3,86,7344,7227
14853,777,HL7766,L654,2024-05-23 10:50,400.1,396.9,85.2,85.2,85,84.8,6434,6335
14884,777,HL7766,L695,2024-05-24 5:32,412.5,408.9,83.6,83.8,86.2,85.9,8513,8440
14908,777,HL7766,L696,2024-05-24 14:15,439.1,431.3,84.2,84.3,86.6,86.3,7649,7499
14913,777,HL7766,L696,2024-05-24 14:46,428.5,424.1,84.6,84.7,86.9,86.7,7566,7469
14929,777,HL7766,L897,2024-05-25 3:05,391.8,386.6,80.7,80.8,84.7,84.3,6910,6776
14931,777,HL7766,L897,2024-05-25 3:10,390.6,385.8,80.5,80.6,84.6,84.3,6816,6695
14941,777,HL7766,L898,2024-05-25 6:45,406.2,398.7,78.7,78.7,84.8,84.5,7184,7058
14944,777,HL7766,L898,2024-05-25 6:54,401.2,394,78.4,78.5,84.8,84.5,7141,6997
14959,777,HL7766,L659,2024-05-25 12:01,415.9,412.1,86.8,86.8,86,85.6,7519,7387
14966,777,HL7766,L659,2024-05-25 15:27,409.7,404.1,84,84,85.7,85.4,6778,6673
14984,777,HL7766,L660,2024-05-26 3:48,430.4,425.9,86.2,86.2,86.8,86.6,7682,7543
15002,777,HL7766,L660,2024-05-26 6:11,410.7,407.1,84.4,84.5,85.8,85.6,7159,7037
15013,777,HL7766,L659,2024-05-26 12:20,406.1,401.7,84.2,84.3,85.6,85.2,7007,6880
15019,777,HL7766,L659,2024-05-26 15:37,401.4,397,83.2,83.3,85.3,85,6531,6433
15040,777,HL7766,L660,2024-05-27 3:36,421.7,417.2,83.2,83.3,86.6,86.4,7764,7644
15052,777,HL7766,L660,2024-05-27 4:12,421,417.2,83.3,83.4,86.6,86.4,7725,7619
15063,777,HL7766,L659,2024-05-27 11:46,401.3,397.8,84.1,84.2,85.3,85,6853,6757
15070,777,HL7766,L659,2024-05-27 11:59,415,412.3,86,86,86.1,85.7,7351,7240
15091,777,HL7766,L660,2024-05-28 3:37,425.4,421,85.7,85.7,86.6,86.4,7504,7374
15101,777,HL7766,L660,2024-05-28 6:43,408.3,404.1,84.2,84.2,85.6,85.3,6562,6466
15113,777,HL7766,L615,2024-05-28 12:11,428.1,423,85.4,85.4,86.6,86.3,7026,6916
15116,777,HL7766,L615,2024-05-28 13:42,403.8,399.1,83.4,83.5,85.3,85.1,6575,6480
15121,777,HL7766,L616,2024-05-28 17:44,415.6,411.1,82.9,83,86.3,86,7395,7279
15125,777,HL7766,L616,2024-05-28 19:07,402.8,399.1,83.1,83.3,85.4,85.2,6762,6649
15148,777,HL7766,L695,2024-05-29 6:36,429.9,426.4,86.3,86.4,86.9,86.6,8046,7929
15164,777,HL7766,L696,2024-05-29 14:43,429.2,422,82.9,83,86.8,86.5,7565,7409
15172,777,HL7766,L696,2024-05-29 19:04,395.1,388.7,81,81.1,85,84.6,6609,6472
25637,777,HL7766,L653,2024-05-30 1:45,408.9,403.8,84.3,84.4,85.5,85.2,6801,6691
25653,777,HL7766,L653,2024-05-30 3:02,396.7,392.6,82.9,83,84.9,84.6,6398,6280
25661,777,HL7766,L654,2024-05-30 9:05,416.6,411.4,83.9,84.1,86.1,85.9,7011,6876
25673,777,HL7766,L654,2024-05-30 12:36,404.6,398.3,83.2,83.1,85,84.7,6223,6079
25704,777,HL7766,L927,2024-05-31 5:54,437.1,431.5,83.6,83.8,87.1,86.9,9586,9499
25742,777,HL7766,L928,2024-06-01 1:05,411.4,407.6,85,85,86,85.7,8058,7938
25758,777,HL7766,L659,2024-06-01 12:06,414.1,407.7,84.2,84.5,86,85.7,7401,7324
25764,777,HL7766,L659,2024-06-01 15:11,401.4,396.4,83.3,83.4,85.2,85,6537,6465
25784,777,HL7766,L660,2024-06-02 3:47,429.5,424.1,85.9,85.9,86.8,86.5,7650,7529
25803,777,HL7766,L660,2024-06-02 4:26,424.8,420,85.7,85.6,86.6,86.3,7511,7392
25864,777,HL7766,L696,2024-06-03 14:35,420.9,415.8,83.6,83.7,86.4,86.1,7335,7167
25870,777,HL7766,L696,2024-06-03 17:55,399.6,395.2,82.7,82.8,85.1,84.9,6579,6465
25896,777,HL7766,L497,2024-06-04 6:00,436.3,433,88.4,88.4,87.1,86.7,7935,7819
25911,777,HL7766,L497,2024-06-04 7:15,439.3,436.4,87.9,87.8,87.2,86.9,7789,7667
25916,777,HL7766,L498,2024-06-04 15:37,446,440.5,87.9,87.9,87.6,87.4,8144,8013
25921,777,HL7766,L498,2024-06-04 20:17,407,402.6,84.7,84.7,85.5,85.3,6730,6608
25929,777,HL7766,L653,2024-06-05 1:53,428.4,422.4,86,86,86.6,86.2,7361,7224
25945,777,HL7766,L653,2024-06-05 3:10,412.9,407.6,84.7,84.7,85.8,85.5,6945,6824
25952,777,HL7766,L654,2024-06-05 8:59,415.3,408.7,82.5,82.6,86.4,86.1,7519,7372
25957,777,HL7766,L654,2024-06-05 9:30,424.3,417.7,83.1,83.2,86.7,86.4,7671,7525
25990,777,HL7766,L497,2024-06-06 5:44,405.9,399.9,83.1,83.2,85.6,85.3,7673,7546
26015,777,HL7766,L497,2024-06-06 7:25,411.2,406.9,83.1,83.2,86,85.7,7453,7348
26020,777,HL7766,L498,2024-06-06 15:15,446.2,440.3,86.2,86.3,87.6,87.3,8123,8008
26026,777,HL7766,L498,2024-06-06 20:41,391.9,385.4,80.4,80.5,84.7,84.4,7012,6877
26045,777,HL7766,L897,2024-06-07 3:30,433.2,370.5,80,81.1,84.7,83.4,6493,5987
26050,777,HL7766,L897,2024-06-07 3:36,379.7,374.4,81.6,81.7,83.9,83.6,6156,6074
26060,777,HL7766,L898,2024-06-07 7:04,399.1,392.6,77.9,77.9,83.9,83.6,6635,6544
26063,777,HL7766,L898,2024-06-07 7:05,400.9,393.9,78.1,78.1,83.9,83.6,6693,6593
26141,777,HL7766,L893,2024-06-09 0:19,386.2,377.9,80.6,80.5,84.2,83.8,6375,6244
26142,777,HL7766,L893,2024-06-09 0:39,383.8,376,80.7,80.7,84.2,83.8,6347,6211
26172,777,HL7766,L455,2024-06-09 10:40,414.2,408.2,84.4,84.4,85.5,85.2,7583,7446
26179,777,HL7766,L455,2024-06-09 12:06,415.5,410.7,85.3,85.3,86,85.7,7058,6944
26184,777,HL7766,L456,2024-06-09 17:34,417,410.9,84.6,84.7,85.9,85.7,7185,7050
26187,777,HL7766,L456,2024-06-09 17:38,409.9,403,83.7,83.8,85.6,85.3,6983,6852
26199,777,HL7766,L653,2024-06-10 1:43,431.9,426.7,86.4,86.4,86.4,86.2,7509,7355
26211,777,HL7766,L653,2024-06-10 5:38,397.3,392.4,82.7,82.8,84.9,84.7,6364,6263
26220,777,HL7766,L654,2024-06-10 9:24,428,421.5,85.7,85.8,86.7,86.4,7490,7338
26221,777,HL7766,L654,2024-06-10 9:24,428,421.5,85.7,85.8,86.7,86.4,7490,7338
26228,777,HL7766,L654,2024-06-10 11:50,413,407.6,84.5,84.5,86,85.7,7209,7077
26248,777,HL7766,L827,2024-06-11 2:04,406.8,402.3,84.6,84.7,85.6,85.4,6998,6863
26256,777,HL7766,L827,2024-06-11 2:18,424.4,418.9,85.4,85.3,86.3,86,7134,7000
26264,777,HL7766,L828,2024-06-11 7:23,409.1,403.3,83.8,83.9,85.7,85.4,6996,6859
26271,777,HL7766,L828,2024-06-11 7:36,422.4,412,84.6,84.8,86.1,86,7297,7136
26278,777,HL7766,L659,2024-06-11 12:42,429.6,425.4,87.2,87.1,86.8,86.5,7697,7553
26289,777,HL7766,L659,2024-06-11 15:12,412.3,406.7,84.8,84.7,85.9,85.6,7021,6889
26301,777,HL7766,L660,2024-06-12 3:41,425.5,419.2,85.5,85.5,86.6,86.3,7555,7397
26315,777,HL7766,L660,2024-06-12 4:27,415.3,410.4,84.7,84.7,86.1,85.8,7267,7139
26328,777,HL7766,L659,2024-06-12 12:32,418.8,413.6,85.1,85.1,86.1,85.8,7133,6985
26334,777,HL7766,L659,2024-06-12 15:46,403.1,398.3,83.6,83.6,85.3,85,6713,6592
26358,777,HL7766,L660,2024-06-13 3:47,425.7,419.2,85.6,85.5,86.5,86.2,7525,7379
26375,777,HL7766,L660,2024-06-13 4:05,422.3,416.8,85.6,85.6,86.4,86.1,7453,7331
26390,777,HL7766,L659,2024-06-13 12:18,417.2,412.6,86.5,86.4,86.1,85.8,7471,7309
26401,777,HL7766,L659,2024-06-13 15:30,417.9,411.8,86.3,86.1,86,85.7,6872,6719
26422,777,HL7766,L660,2024-06-14 3:48,426.7,420.2,85.5,85.4,86.6,86.3,7571,7401
26439,777,HL7766,L660,2024-06-14 3:58,424.1,418.4,85.6,85.6,86.5,86.2,7550,7407
26452,777,HL7766,L615,2024-06-14 12:32,422.6,417,84.6,84.7,86.4,86.2,7460,7338
26453,777,HL7766,L615,2024-06-14 14:47,416.1,408.8,84,84,86.1,85.8,7254,7111
26459,777,HL7766,L616,2024-06-14 17:57,401.7,397.5,83,83.1,85.4,85.1,6750,6633
26462,777,HL7766,L616,2024-06-14 17:59,401.7,397.3,83,83.1,85.3,85.1,6754,6635
26481,777,HL7766,L897,2024-06-15 3:42,392.7,386.7,81.8,81.9,84.6,84.3,6806,6673
26487,777,HL7766,L897,2024-06-15 4:04,402.8,396.6,82.5,82.5,85.2,84.9,6737,6599
26496,777,HL7766,L898,2024-06-15 7:16,391.5,384.9,77.7,77.6,84.1,83.7,6984,6843
26501,777,HL7766,L898,2024-06-15 7:16,392,385.3,77.8,77.8,84.1,83.7,7022,6880
26514,777,HL7766,L615,2024-06-15 12:11,429.8,424.4,86.4,86.3,86.5,86.3,7461,7305
26518,777,HL7766,L615,2024-06-15 14:04,416.9,411.5,85.4,85.3,86,85.7,7095,6976
26522,777,HL7766,L616,2024-06-15 17:55,400.8,396.6,84.1,84.1,85.1,84.7,6521,6405
26525,777,HL7766,L616,2024-06-15 18:09,402,398,84.3,84.3,85.2,84.8,6566,6442
26573,777,HL7766,L659,2024-06-16 11:46,407.2,402.6,82.6,82.6,85.6,85.3,7483,7335
26579,777,HL7766,L659,2024-06-16 14:53,410.2,402.9,81.9,81.9,85.8,85.4,7073,6914
26599,777,HL7766,L660,2024-06-17 3:31,417.7,411.7,82.6,82.6,86.3,86,7627,7454
26617,777,HL7766,L660,2024-06-17 4:13,415.9,409.2,82.6,82.6,86.2,85.9,7534,7379
26628,777,HL7766,L659,2024-06-17 12:06,435.3,429.7,86.8,86.6,86.8,86.4,7593,7431
26636,777,HL7766,L659,2024-06-17 12:24,429,424.1,86.6,86.5,86.6,86.2,7491,7339
26660,777,HL7766,L660,2024-06-18 3:36,411.1,405.4,83.9,83.9,85.7,85.4,7015,6866
26678,777,HL7766,L660,2024-06-18 4:59,411.4,406.7,83.7,83.8,85.7,85.4,6878,6750
26731,777,HL7766,L695,2024-06-19 6:00,434.1,428.5,86.9,86.9,87,86.7,8222,8070
26750,777,HL7766,L696,2024-06-19 14:26,439.7,432.8,84.4,84.4,87.4,87,8079,7903
26760,777,HL7766,L696,2024-06-19 15:52,432.5,426,84.4,84.4,86.9,86.7,7612,7438
26786,777,HL7766,L497,2024-06-20 6:30,434.2,429.3,86.9,86.9,87.2,86.9,8066,7899
26807,777,HL7766,L497,2024-06-20 9:52,427.9,421,84.7,84.7,86.6,86.2,7280,7129
26811,777,HL7766,L498,2024-06-20 15:47,453.5,445.3,86.8,86.9,87.9,87.5,8333,8184
26818,777,HL7766,L498,2024-06-20 18:19,430.5,425.2,84.9,84.9,86.9,86.6,7749,7592
26826,777,HL7766,L653,2024-06-21 1:50,420.2,414.5,85.8,85.6,86.2,85.8,7384,7206
26842,777,HL7766,L653,2024-06-21 4:02,411.3,405.4,84.2,84.2,85.6,85.3,6874,6738
26858,777,HL7766,L654,2024-06-21 8:59,419.9,414.3,83.2,83.3,86.4,86.1,7767,7606
26868,777,HL7766,L654,2024-06-21 10:36,417.8,411.2,82.4,82.4,86.2,85.8,7565,7386
26886,777,HL7766,L653,2024-06-22 2:03,435.6,430.9,87.2,87.1,87,86.7,7543,7382
26904,777,HL7766,L653,2024-06-22 3:43,408.9,404.8,84.3,84.2,85.6,85.2,6773,6674
26915,777,HL7766,L654,2024-06-22 9:10,424.7,419.3,85.4,85.3,86.5,86.2,7437,7272
26925,777,HL7766,L654,2024-06-22 12:54,410.6,404.5,83.3,83.4,85.7,85.4,6761,6643
26964,777,HL7766,L497,2024-06-23 5:58,453.8,447.3,88.3,88.2,87.9,87.5,8601,8433
26985,777,HL7766,L497,2024-06-23 6:59,441.1,434.9,85.5,85.5,87.3,87,8284,8131
26988,777,HL7766,L498,2024-06-23 15:03,437.5,431.5,86.7,86.7,87.2,86.9,7540,7418
26995,777,HL7766,L498,2024-06-23 15:24,436.3,431,86.6,86.5,87,86.7,7472,7325
27024,777,HL7766,L695,2024-06-24 6:50,447.3,441.4,86.6,86.5,87.7,87.4,8621,8447
27043,777,HL7766,L696,2024-06-24 15:00,432.9,426.8,84.9,85,87.1,86.7,7710,7563
27052,777,HL7766,L696,2024-06-24 17:05,416.1,410.4,83.3,83.3,86.1,85.8,7211,7060
27062,777,HL7766,L653,2024-06-25 1:50,406,399.6,84.1,84,85.4,85,6817,6676
27078,777,HL7766,L653,2024-06-25 2:18,403.4,399.1,83.8,83.8,85.3,84.9,6686,6580
27088,777,HL7766,L654,2024-06-25 9:10,419.2,412.7,84.4,84.4,86.1,85.9,7157,7006
27098,777,HL7766,L654,2024-06-25 10:13,415.3,409.9,84,84,86,85.7,7082,6918
27140,777,HL7766,L927,2024-06-26 6:55,427.3,420.8,83.4,83.4,86.8,86.4,9629,9467
27164,777,HL7766,L927,2024-06-26 7:03,428.4,421.5,84,84,86.9,86.5,9813,9661
27169,777,HL7766,L928,2024-06-26 21:54,435.8,428.6,86.2,86.1,87.1,86.7,9185,9014
27206,777,HL7766,L928,2024-06-27 3:42,433.3,427.4,86.6,86.3,86.9,86.5,7668,7498
27216,777,HL7766,L455,2024-06-27 11:08,417.9,458.3,85.1,83.5,85.6,85.6,7189,7316
27224,777,HL7766,L455,2024-06-27 13:58,426.9,419,81.9,81.7,86.4,86,7561,7355
27230,777,HL7766,L456,2024-06-27 16:58,432,425.2,86,85.8,86.8,86.5,7637,7427
27234,777,HL7766,L456,2024-06-27 17:04,428.4,421.6,85.4,85.2,86.6,86.3,7525,7312
27240,777,HL7766,L171,2024-06-28 0:03,402.5,396,83.3,83.2,85.1,84.7,6694,6534
27247,777,HL7766,L171,2024-06-28 1:01,406.1,398.9,83.5,83.3,85.3,84.9,6765,6593
27256,777,HL7766,L172,2024-06-28 5:45,416.3,409.7,85.2,85,85.7,85.4,6924,6738
27269,777,HL7766,L172,2024-06-28 5:52,414,408.1,85.1,84.9,85.6,85.3,6877,6700
27280,777,HL7766,L659,2024-06-28 11:53,417,410.5,84.2,84.2,85.9,85.6,7366,7193
27287,777,HL7766,L659,2024-06-28 12:42,420.1,414.5,84.8,84.8,86.3,85.9,7468,7302
27307,777,HL7766,L660,2024-06-29 3:43,426.6,419,85.6,85.7,86.5,86.1,7583,7424
27325,777,HL7766,L660,2024-06-29 4:50,417.5,412.2,84.6,84.5,86.1,85.8,7253,7072
27415,777,HL7766,L498,2024-06-30 15:15,453.3,447.2,88.1,87.9,88,87.7,8035,7877
27416,777,HL7766,L498,2024-06-30 16:02,439.9,433.8,86.6,86.5,87.3,87,7585,7415
27422,777,HL7766,L653,2024-07-01 1:35,427.9,420.6,86.2,85.9,86.5,86,7348,7126
27438,777,HL7766,L653,2024-07-01 2:41,411,405.4,84.1,84,85.6,85.2,6778,6615
27450,777,HL7766,L654,2024-07-01 9:18,418.5,411.4,84.5,84.4,86,85.6,7236,7057
27459,777,HL7766,L654,2024-07-01 11:28,412.1,405.5,83.7,83.6,85.6,85.2,6877,6732
27484,777,HL7766,L653,2024-07-02 1:58,445.2,441,87.1,86.9,87.4,87.1,8145,7986
27496,777,HL7766,L653,2024-07-02 2:52,437.5,432.3,86.4,86.2,87.1,86.7,7984,7814
27506,777,HL7766,L654,2024-07-02 9:35,425.9,419.1,85.2,85.1,86.3,86,7445,7247
27514,777,HL7766,L654,2024-07-02 10:18,420.2,413.5,84.7,84.6,86.2,85.8,7293,7089
27561,777,HL7766,L695,2024-07-03 7:05,448.7,442.6,86.4,86.3,87.7,87.3,8594,8423
27577,777,HL7766,L696,2024-07-03 14:49,441.2,433.3,85.7,85.6,87.2,86.7,7470,7264
27589,777,HL7766,L696,2024-07-03 19:19,404.8,399.9,82.8,82.7,85.3,85,6625,6483
27621,777,HL7766,L497,2024-07-04 6:10,431.6,425,85.4,85.3,86.9,86.5,7743,7548
27642,777,HL7766,L497,2024-07-04 10:33,415.9,410.5,84.2,84.1,85.9,85.5,6691,6569
27647,777,HL7766,L498,2024-07-04 15:29,436.5,430,86.2,86.1,87.1,86.8,7467,7292
27657,777,HL7766,L498,2024-07-04 18:46,408.7,403.4,82.5,82.4,85.6,85.2,6922,6744
27667,777,HL7766,L653,2024-07-05 1:40,431.6,427.1,85.7,85.5,86.8,86.4,7880,7695
27684,777,HL7766,L653,2024-07-05 1:45,435.6,432,86.6,86.4,87.1,86.7,8060,7901
27707,777,HL7766,L658,2024-07-05 15:32,435.5,427.3,81.8,81.6,87,86.6,8360,8158
27714,777,HL7766,L658,2024-07-05 19:10,417.2,411.8,84.6,84.5,86.1,85.8,7142,6974
27749,777,HL7766,L627,2024-07-06 7:15,435.6,429.7,85.5,85.5,87.1,86.7,8232,8097
27764,777,HL7766,L627,2024-07-06 8:12,433,427,85.1,85.1,87,86.6,8138,7987
27770,777,HL7766,L628,2024-07-06 16:16,421.6,415,83.6,83.6,85.8,85.4,7586,7389
27777,777,HL7766,L628,2024-07-06 19:41,415.4,408.6,82.2,82.1,86.1,85.7,7584,7397
27786,777,HL7766,L653,2024-07-07 1:58,436.2,431.9,85,84.9,87.1,86.8,8026,7856
27801,777,HL7766,L653,2024-07-07 2:56,415.6,412.3,83.2,83.2,86.1,85.8,7513,7347
27812,777,HL7766,L654,2024-07-07 9:48,420.1,414.2,84.9,84.8,86.2,85.8,7284,7112
27821,777,HL7766,L654,2024-07-07 12:16,411.3,405.6,83.4,83.4,85.7,85.3,6872,6707
27848,777,HL7766,L927,2024-07-08 5:49,464.4,458.7,87.1,87.1,88.7,88.4,10196,10021
27870,777,HL7766,L927,2024-07-08 16:54,399.9,393.9,79.8,79.6,85.1,84.7,7879,7647
27878,777,HL7766,L928,2024-07-08 20:51,424.6,419.4,86.6,86.3,86.4,86,8716,8550
27890,777,HL7766,L928,2024-07-09 4:23,426,419.8,85.5,85.3,86.3,85.9,6754,6596
27895,777,HL7766,L455,2024-07-09 10:46,435.6,429.8,86.8,86.5,87,86.6,7542,7341
27899,777,HL7766,L455,2024-07-09 11:26,425.4,418.9,85.5,85.3,86.4,86,7150,6961
27906,777,HL7766,L456,2024-07-09 17:08,427.8,419.8,81.7,81.6,86.6,86.1,7798,7581
27909,777,HL7766,L456,2024-07-09 17:30,433.3,425.8,82.3,82.3,86.9,86.5,7815,7636
27919,777,HL7766,L927,2024-07-10 5:46,435.8,429.4,83.5,83.5,87.2,86.8,9502,9331
27937,777,HL7766,L927,2024-07-10 14:33,449.5,441.4,87.1,86.8,87.5,87.2,7526,7332
27943,777,HL7766,L928,2024-07-10 21:13,427.7,421.5,85,84.9,86.7,86.3,8748,8569
27965,777,HL7766,L928,2024-07-10 23:46,465.9,459.6,88,87.8,88.5,88.1,8740,8548
27972,777,HL7766,L455,2024-07-11 10:49,424.7,416.9,85.2,85,86.2,85.8,7137,6913
27981,777,HL7766,L455,2024-07-11 11:02,422.4,415,85.4,85.2,86.2,85.8,7111,6924
27987,777,HL7766,L456,2024-07-11 17:16,427,418.8,84.7,84.6,86.6,86.2,7247,7048
27991,777,HL7766,L456,2024-07-11 18:45,412.7,406.2,83.8,83.8,85.8,85.5,6959,6771
28033,777,HL7766,L695,2024-07-12 6:59,430.1,423.2,84.9,84.8,86.6,86.3,8216,8007
28047,777,HL7766,L696,2024-07-12 15:22,439.4,433.2,85.2,85.2,87.3,87,7831,7651
28055,777,HL7766,L696,2024-07-12 16:31,432.8,426.2,84.6,84.6,87.1,86.7,7711,7511
28064,777,HL7766,L653,2024-07-13 1:45,434.5,426.7,86.1,85.9,86.8,86.4,7927,7701
28079,777,HL7766,L653,2024-07-13 3:21,435.7,429.3,86.8,86.4,86.8,86.4,7585,7386
28089,777,HL7766,L654,2024-07-13 9:01,434,425,86.1,85.9,86.8,86.4,7660,7414
28095,777,HL7766,L654,2024-07-13 10:31,423.1,416.1,85,84.9,86.3,85.9,7233,7037
28140,777,HL7766,L497,2024-07-14 5:53,452.7,446.5,89.1,88.8,87.9,87.6,8706,8527
28153,777,HL7766,L497,2024-07-14 8:37,448.8,442,86.8,86.6,87.5,87.2,7947,7740
28160,777,HL7766,L498,2024-07-14 15:14,457.2,450.3,86.8,86.5,88,87.7,8241,8060
28169,777,HL7766,L498,2024-07-14 18:26,431.5,425.5,84.6,84.5,86.9,86.5,7558,7362
28173,777,HL7766,L657,2024-07-15 1:30,435.6,426.8,87.5,87.2,86.7,86.2,7756,7558
28188,777,HL7766,L657,2024-07-15 4:13,419.9,412.5,85.2,85,86,85.6,7074,6898
28211,777,HL7766,L658,2024-07-15 15:31,428.5,420,83.8,83.7,86.9,86.5,7986,7787
28218,777,HL7766,L658,2024-07-15 18:13,409.4,402,82.8,82.7,85.7,85.3,7175,6966
28243,777,HL7766,L497,2024-07-16 6:00,424.5,415.1,84.6,84.5,86.3,85.9,7556,7331
28255,777,HL7766,L497,2024-07-16 9:17,420.6,413.4,84.9,84.7,86.1,85.7,7011,6816
28260,777,HL7766,L498,2024-07-16 14:57,442.7,435,84.5,84.5,87.5,87.2,8051,7892
28271,777,HL7766,L498,2024-07-16 16:51,434.3,426.2,83.8,83.7,86.9,86.6,7853,7643
28298,777,HL7766,L927,2024-07-17 7:42,446.6,439.8,85.5,85.5,87.8,87.4,9541,9358
28319,777,HL7766,L927,2024-07-17 9:35,451.6,444,87,86.8,87.8,87.4,8810,8620
28323,777,HL7766,L928,2024-07-17 22:30,425,416.4,85.1,84.9,86.5,86,8857,8623
28356,777,HL7766,L928,2024-07-18 1:28,441.4,434,85,84.9,87.3,86.9,8341,8138
28373,777,HL7766,L615,2024-07-18 12:49,435.1,426.7,85.7,85.5,87,86.6,7796,7578
28382,777,HL7766,L615,2024-07-18 14:04,417.3,409.7,84.4,84.2,86.1,85.7,7483,7281
28388,777,HL7766,L616,2024-07-18 18:11,414.4,405.9,83.9,83.7,85.7,85.3,7122,6908
28394,777,HL7766,L616,2024-07-18 19:16,407.4,401.2,83.6,83.5,85.5,85.1,7018,6843
28426,777,HL7766,L695,2024-07-19 5:56,447.8,440.7,87.9,87.6,87.7,87.3,8370,8197
28453,777,HL7766,L696,2024-07-19 15:01,442.6,434.6,85.3,85.2,87.3,87,7792,7588
28462,777,HL7766,L696,2024-07-19 19:45,410.3,405,82.8,82.7,85.8,85.4,7174,6970
28519,777,HL7766,L615,2024-07-20 12:41,429.4,421.5,85.2,85.1,86.7,86.3,7685,7453
28526,777,HL7766,L615,2024-07-20 13:20,416,410.1,84.4,84.4,86,85.6,7440,7260
28530,777,HL7766,L616,2024-07-20 19:04,422.2,412.7,84.9,84.6,85.6,85.2,6827,6620
28536,777,HL7766,L616,2024-07-20 20:48,403.7,398.9,84,83.8,85.1,84.7,6487,6324
28555,777,HL7766,L897,2024-07-21 4:04,407.9,400.2,82.8,82.6,85.4,85,6942,6708
28561,777,HL7766,L897,2024-07-21 4:07,407.6,400.1,83,82.8,85.5,85.1,7003,6742
28627,777,HL7766,L695,2024-07-22 7:57,448.3,446.6,88,88.1,87.7,87.4,8384,8329
28647,777,HL7766,L696,2024-07-22 15:59,453.5,447.5,86.1,86.6,87.8,87.6,8065,8012
28657,777,HL7766,L696,2024-07-22 18:35,431.3,425.6,84.5,84.8,86.7,86.6,7622,7488
28702,777,HL7766,L497,2024-07-23 9:40,452.5,449.7,87.8,87.9,87.9,87.6,8479,8405
28712,777,HL7766,L497,2024-07-23 14:37,438.6,434,86.1,86.2,87.1,86.9,7278,7154
28718,777,HL7766,L498,2024-07-23 18:40,451.2,447.2,85.9,86.1,87.8,87.6,8018,7936
28733,777,HL7766,L498,2024-07-23 20:16,438.9,435.6,83.9,84.2,87.2,87,8003,7896
28753,777,HL7766,L695,2024-07-24 6:05,435.5,432.9,87.9,88,86.8,86.5,7763,7659
28777,777,HL7766,L696,2024-07-24 14:29,454.5,451,86.5,86.8,87.9,87.7,8111,8046
28788,777,HL7766,L696,2024-07-24 16:53,430.4,427.6,84.3,84.6,86.8,86.6,7481,7384
28798,777,HL7766,L845,2024-07-24 23:48,423.3,417.4,80,80.2,86.1,85.7,7466,7327
28799,777,HL7766,L845,2024-07-24 23:48,423,417.1,79.9,80.1,86.1,85.7,7450,7308
28826,777,HL7766,L497,2024-07-25 6:08,447,444.2,85.1,85.5,87.7,87.5,8788,8726
28845,777,HL7766,L497,2024-07-25 9:36,442,440,86.1,86.3,87.3,87.1,7818,7732
28861,777,HL7766,L498,2024-07-25 15:25,450.1,447.4,86.2,86.5,87.9,87.7,8052,7989
28872,777,HL7766,L498,2024-07-25 20:20,424.2,420.7,85.5,85.6,86.2,86,6745,6682
28882,777,HL7766,L653,2024-07-26 1:47,415,411.7,84.1,84.4,86.2,85.9,7218,7124
28897,777,HL7766,L653,2024-07-26 5:23,416.6,415,85.6,85.7,85.9,85.6,6684,6606
28907,777,HL7766,L654,2024-07-26 9:14,423.6,420.4,85,85.3,86.3,86.1,7322,7241
28917,777,HL7766,L654,2024-07-26 9:49,416.8,414.4,84.4,84.6,86,85.8,7159,7079
29008,777,HL7766,L657,2024-07-28 2:19,432,428.8,85.6,85.8,86.9,86.6,7808,7720
29027,777,HL7766,L657,2024-07-28 5:07,418.2,416.1,83.1,83.4,86.4,86.2,7458,7377
29054,777,HL7766,L658,2024-07-28 15:47,416.6,414.2,84.6,84.9,85.9,85.7,7115,7046
29053,777,HL7766,L658,2024-07-28 15:47,416.6,414.2,84.6,84.9,85.9,85.7,7115,7046
29063,777,HL7766,L658,2024-07-28 15:53,411.6,408.9,83.9,84.2,85.7,85.5,6910,6849
29093,777,HL7766,L951,2024-07-29 6:21,452.7,447.2,80,80.2,86.4,86,8030,7926
29107,777,HL7766,L951,2024-07-29 13:36,415.6,412.9,83.6,83.9,85.9,85.6,6537,6461
29120,777,HL7766,L952,2024-07-29 19:06,445.7,445,85.6,85.9,87.7,87.4,7982,7918
29138,777,HL7766,L952,2024-07-29 22:50,441.1,438.3,87.1,87.1,87.1,86.9,7176,7067
29150,777,HL7766,L497,2024-07-30 5:47,438.2,434.7,85.4,85.7,87.4,87.1,8356,8289
29167,777,HL7766,L497,2024-07-30 6:09,432.1,428.8,85.1,85.4,87.1,86.8,8165,8120
29174,777,HL7766,L498,2024-07-30 15:05,456.9,449.1,87.8,88.1,87.8,87.7,8028,7930
29189,777,HL7766,L498,2024-07-30 20:30,406.2,401.3,80.2,80.4,85.2,84.9,6827,6730
29219,777,HL7766,L643,2024-07-31 6:48,435,432.7,85.9,86.1,87.1,86.8,7894,7808
29231,777,HL7766,L643,2024-07-31 8:07,419.3,417.8,84.5,84.8,86.3,86.1,7393,7341
29238,777,HL7766,L644,2024-07-31 15:18,410.4,407.4,83.3,83.6,85.8,85.5,7410,7315
29248,777,HL7766,L644,2024-07-31 15:37,413.2,412.1,84.1,84.4,86,85.8,7732,7665
29277,777,HL7766,L951,2024-08-01 6:08,439.1,434.7,81.5,81.8,87.1,86.8,8464,8424
29300,777,HL7766,L951,2024-08-01 11:20,433.5,430.5,85.7,85.9,86.8,86.6,7052,6972
29310,777,HL7766,L952,2024-08-01 19:35,454,451.6,86.9,87.1,88.1,87.9,8314,8240
29326,777,HL7766,L952,2024-08-01 21:58,449,446.9,87,87,87.6,87.4,7755,7648
29337,777,HL7766,L695,2024-08-02 6:03,444.6,444.1,87.3,87.5,87.4,87.2,8271,8225
29361,777,HL7766,L696,2024-08-02 14:37,434.8,430.8,84.5,84.9,87.1,86.8,7648,7586
29370,777,HL7766,L696,2024-08-02 19:02,405.2,402.7,82.8,83.1,85.3,85,6721,6663
29386,777,HL7766,L653,2024-08-03 1:50,416.9,414.7,83.8,84.2,86,85.8,7300,7246
29400,777,HL7766,L653,2024-08-03 4:58,401.2,405,83.7,83.7,85.2,84.9,6713,6672
29410,777,HL7766,L654,2024-08-03 9:21,424,423.7,83.9,84.3,86.8,86.5,8044,8012
29420,777,HL7766,L654,2024-08-03 10:16,420.3,419.6,85.2,85.4,86.3,86,7422,7357
29462,777,HL7766,L951,2024-08-04 5:58,448.5,448.5,83.6,84,86.9,86.5,8894,8840
29484,777,HL7766,L951,2024-08-04 10:00,426.6,424.6,85.1,85.4,86.7,86.4,7567,7501
29500,777,HL7766,L952,2024-08-04 19:13,455.8,454.5,87.3,87.5,88.2,87.9,8410,8358
29520,777,HL7766,L952,2024-08-04 21:03,443.3,442.3,85.9,86.2,87.6,87.4,7959,7906
29544,777,HL7766,L951,2024-08-05 9:02,443.2,443.4,86.3,86.6,87.8,87.5,8530,8494
29559,777,HL7766,L951,2024-08-05 13:32,423.2,423.5,84.3,84.6,86.5,86.3,7226,7198
29563,777,HL7766,L952,2024-08-05 20:14,445.7,443.4,82.4,82.8,87.7,87.4,8486,8449
29584,777,HL7766,L952,2024-08-05 23:18,430.7,429.6,85.4,85.6,86.8,86.6,7285,7219
29594,777,HL7766,L497,2024-08-06 6:35,436.2,433.3,85.9,86.1,87,86.7,7870,7810
29614,777,HL7766,L497,2024-08-06 11:54,424.6,424.1,84.9,85.2,86.4,86.1,6878,6826
29619,777,HL7766,L498,2024-08-06 15:24,434.2,432.1,85.8,86.1,86.9,86.7,7418,7359
29630,777,HL7766,L498,2024-08-06 20:41,421,417.7,81.1,81.4,86.4,86,7710,7678
29732,777,HL7766,L455,2024-08-08 11:06,426.8,423.6,86.4,86.6,86.4,86,7353,7282
29742,777,HL7766,L455,2024-08-08 12:45,423.1,422.9,85.4,85.6,86.3,85.9,7040,6971
29753,777,HL7766,L456,2024-08-08 17:06,416.3,414.1,84.4,84.8,86,85.7,7051,7021
29760,777,HL7766,L456,2024-08-08 18:20,414.9,412.7,84.1,84.4,85.9,85.6,6885,6849
29839,777,HL7766,L653,2024-08-10 1:41,425.6,423.2,83.6,83.9,86.6,86.3,7638,7553
29858,777,HL7766,L653,2024-08-10 4:30,407.7,406.5,84.2,84.4,85.5,85.1,6777,6732
29869,777,HL7766,L654,2024-08-10 9:36,408.8,409.5,83.9,83.9,85.6,85.3,7073,6996
29880,777,HL7766,L654,2024-08-10 9:52,410.8,411.7,84.1,84.1,85.7,85.5,7081,7016
29930,777,HL7766,L951,2024-08-11 6:15,462,461.5,86.2,86.6,87.9,87.6,8453,8441
29955,777,HL7766,L951,2024-08-11 13:36,417.2,415.4,83.6,84,86.2,85.9,7035,6994
29969,777,HL7766,L952,2024-08-11 19:14,432.9,430.5,81.2,81.5,86.9,86.5,8109,8047
29989,777,HL7766,L952,2024-08-11 22:53,414.7,413.1,83.8,84.1,85.9,85.7,6833,6786
30003,777,HL7766,L695,2024-08-12 6:02,432.7,431.5,86.2,86.4,86.9,86.6,7895,7834
30024,777,HL7766,L696,2024-08-12 14:55,441.9,439.2,87.5,87.7,87.5,87.1,7899,7837
30036,777,HL7766,L696,2024-08-12 16:36,425,423,85,85.3,86.4,86.2,7193,7148
30069,777,HL7766,L951,2024-08-13 6:42,450.2,448.4,82.7,83.2,86.7,86.2,8427,8392
30092,777,HL7766,L951,2024-08-13 11:48,424.6,422,85.4,85.5,86.2,85.9,7022,6961
30101,777,HL7766,L952,2024-08-13 19:24,433.6,431.8,84.9,85.3,87,86.8,7837,7750
30115,777,HL7766,L952,2024-08-13 20:22,432.2,431.6,85,85.3,87,86.8,7750,7692
30125,777,HL7766,L951,2024-08-14 6:09,429.2,426.8,80.6,80.9,86.4,86,8377,8345
30141,777,HL7766,L951,2024-08-14 10:26,429.7,426.8,85.2,85.4,86.8,86.5,7601,7510
30150,777,HL7766,L952,2024-08-14 19:14,442.6,441.4,84.2,84.6,87.8,87.6,8630,8592
30167,777,HL7766,L952,2024-08-14 19:17,441.8,440.7,84.1,84.5,87.7,87.5,8622,8568
30178,777,HL7766,L497,2024-08-15 5:51,424.2,422.2,85.5,85.8,86.3,86.1,7692,7635
30202,777,HL7766,L497,2024-08-15 7:51,424,423,86,86.1,86.3,86,7230,7153
30209,777,HL7766,L498,2024-08-15 15:10,447.9,445.9,86.4,86.7,87.7,87.5,8205,8136
30220,777,HL7766,L498,2024-08-15 15:53,437.2,435.3,85.5,85.8,87.2,86.9,7999,7933
30232,777,HL7766,L855,2024-08-16 2:43,411,406.4,78.9,79.2,85.3,85,7176,7102
30235,777,HL7766,L855,2024-08-16 2:46,412.4,407.4,79,79.2,85.4,85,7205,7120
30258,777,HL7766,L407,2024-08-16 12:21,430.1,427.1,84.8,85.2,87,86.7,8428,8394
30273,777,HL7766,L407,2024-08-16 19:23,395.1,393.8,82.7,83,84.9,84.5,6673,6633
30281,777,HL7766,L408,2024-08-16 23:59,426.2,424.7,85.3,85.7,86.7,86.3,8464,8396
30317,777,HL7766,L408,2024-08-17 1:38,419.3,417.8,84.7,85,86.3,86,7802,7756
30325,777,HL7766,L721,2024-08-17 11:06,400.7,396.3,80.4,80.7,85.1,84.7,7018,6940
30331,777,HL7766,L721,2024-08-17 11:22,399.3,395.2,80.3,80.7,85,84.6,6904,6842
30359,777,HL7766,L722,2024-08-18 0:55,389.5,384.9,79.3,79.6,84.3,83.9,6415,6372
30362,777,HL7766,L722,2024-08-18 0:58,389.8,385.1,79.2,79.5,84.3,83.9,6407,6355
30379,777,HL7766,L497,2024-08-18 6:02,430.7,428.9,85.7,85.9,86.7,86.4,7842,7775
30400,777,HL7766,L497,2024-08-18 11:22,417.8,414.4,84.4,84.7,85.9,85.6,6777,6745
30406,777,HL7766,L498,2024-08-18 15:23,446.9,445,87.4,87.6,87.9,87.6,8299,8283
30417,777,HL7766,L498,2024-08-18 20:08,419.4,416.9,86.2,86.4,86.1,85.7,7020,6955
30507,777,HL7766,L951,2024-08-20 6:52,436,433.6,82.1,82.4,87.3,86.9,8640,8609
30521,777,HL7766,L951,2024-08-20 13:50,412.9,410.5,83.9,84.2,85.8,85.5,6692,6662
30530,777,HL7766,L952,2024-08-20 19:21,442.5,443.7,85.2,85.6,87,86.7,8016,7980
30544,777,HL7766,L952,2024-08-20 23:23,404.7,403.9,83.3,83.6,85.4,85.1,6763,6740
30558,777,HL7766,L927,2024-08-21 6:36,458.7,471.5,84.8,85.2,88.4,87.9,9568,9708
30588,777,HL7766,L927,2024-08-21 15:13,427.5,425.9,85.8,85.9,86.6,86.2,7202,7130
30594,777,HL7766,L928,2024-08-21 21:31,405.2,404.2,84.7,84.9,85.5,85.1,8284,8229
30633,777,HL7766,L928,2024-08-22 0:39,433.4,433,86.3,86.5,86.9,86.6,7683,7620
30644,777,HL7766,L455,2024-08-22 10:55,434.4,432.5,86.2,86.4,86.8,86.4,7442,7360
30654,777,HL7766,L455,2024-08-22 11:05,426.2,425,85.8,86,86.4,86.1,7290,7234
30661,777,HL7766,L456,2024-08-22 17:27,418.4,416.4,84.5,84.8,86,85.7,7169,7112
30666,777,HL7766,L456,2024-08-22 19:40,417.9,413.1,81.2,81.5,85.9,85.5,7098,7031
30698,777,HL7766,L951,2024-08-23 6:49,447.1,444.6,86.5,86.8,87.7,87.4,8607,8579
30717,777,HL7766,L951,2024-08-23 12:42,422.7,421.4,84.5,84.8,86.4,86.1,7391,7356
30730,777,HL7766,L952,2024-08-23 19:02,430.2,429.5,84.5,84.9,86.8,86.5,7673,7625
30755,777,HL7766,L952,2024-08-23 19:29,425.8,425.2,84.4,84.9,86.7,86.4,7579,7546
30766,777,HL7766,L951,2024-08-24 6:12,440.9,440.5,86,86.4,87.3,86.9,8534,8517
30795,777,HL7766,L951,2024-08-24 9:37,443.3,442.8,86.9,87.1,87.5,87.2,7996,7962
30804,777,HL7766,L952,2024-08-24 19:16,440.2,440.5,87.1,87.3,87.1,86.9,7870,7822
30824,777,HL7766,L952,2024-08-24 19:43,437.3,435.9,86.5,86.7,87,86.8,7691,7635
30839,777,HL7766,L927,2024-08-25 5:41,460.4,457.6,86.6,87.2,88.4,88.1,9974,9977
30874,777,HL7766,L927,2024-08-25 8:13,458.4,455.9,86.6,87,88.5,88.2,9152,9149
30883,777,HL7766,L928,2024-08-25 21:14,409.4,408.8,84.3,84.6,85.6,85.3,7956,7908
30913,777,HL7766,L928,2024-08-26 5:12,410.5,409.4,83.4,83.8,85.6,85.4,6769,6757
30972,777,HL7766,L455,2024-08-27 10:56,434.5,432.6,86.7,86.8,86.8,86.5,7407,7336
30980,777,HL7766,L455,2024-08-27 13:21,409.9,408.8,84.3,84.4,85.5,85.2,6779,6750
30986,777,HL7766,L456,2024-08-27 17:08,416.4,415.6,84.1,84.3,86,85.7,7074,7033
30990,777,HL7766,L456,2024-08-27 18:49,416.1,415.6,84.3,84.5,86,85.7,7021,7009
31010,777,HL7766,L695,2024-08-28 6:12,435.2,434.5,85.8,86,87.1,86.8,7697,7667
31023,777,HL7766,L696,2024-08-28 14:11,425.9,425.4,83.9,84.2,86.5,86.2,7562,7522
31037,777,HL7766,L696,2024-08-28 16:51,414.9,415.2,83.4,83.6,86.2,85.9,7336,7302
31051,777,HL7766,L653,2024-08-29 1:44,430.7,428.6,85.5,85.7,86.6,86.2,7114,7045
31067,777,HL7766,L653,2024-08-29 3:24,413,412.1,84.3,84.4,85.7,85.4,6833,6799
31076,777,HL7766,L654,2024-08-29 9:10,411.1,409.3,83.3,83.5,85.6,85.3,6873,6828
31075,777,HL7766,L654,2024-08-29 9:10,411.1,409.3,83.3,83.5,85.6,85.3,6873,6828
31083,777,HL7766,L654,2024-08-29 10:43,405,404.2,83,83.2,85.4,85.1,6787,6754
31122,777,HL7766,L695,2024-08-30 5:41,437.7,436.1,86.1,86.2,87.2,86.8,7874,7812
31142,777,HL7766,L696,2024-08-30 14:20,437.9,437.2,85.1,85.3,87.1,86.7,7943,7907
31153,777,HL7766,L696,2024-08-30 16:58,412.6,413.4,83,83.3,86,85.7,7241,7210
31161,777,HL7766,L831,2024-08-30 23:38,401.7,398,79.3,79.4,84.9,84.5,6868,6808
31165,777,HL7766,L831,2024-08-30 23:38,401.8,398.1,79.3,79.4,84.9,84.6,6867,6810
31194,777,HL7766,L187,2024-08-31 8:34,396.8,397.4,82,82.1,85,84.7,6727,6717
31199,777,HL7766,L187,2024-08-31 8:35,395.4,396.1,81.8,82,84.9,84.6,6677,6665
31207,777,HL7766,L188,2024-08-31 12:02,402,399.5,79.9,80.1,85.1,84.7,6888,6820
31210,777,HL7766,L188,2024-08-31 12:53,404.9,403.1,81,81.1,85.6,85.2,7199,7134
31255,777,HL7766,L951,2024-09-01 6:05,441.9,442.7,84.6,84.8,87.8,87.6,9015,9042
31279,777,HL7766,L951,2024-09-01 8:45,430,430,84.7,84.9,86.9,86.6,7991,7991
31286,777,HL7766,L952,2024-09-01 19:02,429.8,429.7,85.4,85.5,86.7,86.4,7413,7379
31299,777,HL7766,L952,2024-09-01 21:57,417.1,415.5,85,85.1,85.9,85.5,6682,6666
31341,777,HL7766,L927,2024-09-02 8:30,448.5,446.7,86,86.3,87.9,87.6,9115,9093
31347,777,HL7766,L928,2024-09-02 20:52,409,408.3,85.1,85.2,85.7,85.3,8278,8199
31373,777,HL7766,L928,2024-09-03 0:50,434.7,433.7,86.4,86.5,86.9,86.6,7691,7633
31418,777,HL7766,L927,2024-09-04 6:29,461,461.9,86,86.3,88.5,88.3,9587,9608
31444,777,HL7766,L927,2024-09-04 9:13,442.9,443.8,84.7,85,87.6,87.4,9167,9199
31450,777,HL7766,L928,2024-09-04 21:26,410.3,410.6,84.2,84.4,86,85.6,8504,8521
31481,777,HL7766,L928,2024-09-05 2:40,407.4,405.6,84.2,84.3,85.5,85.1,7177,7130
31534,777,HL7766,L927,2024-09-06 6:18,461.8,461.7,86.6,86.7,88.6,88.3,9785,9805
31563,777,HL7766,L927,2024-09-06 8:47,451,449.3,86.2,86.4,87.9,87.6,9174,9160
31571,777,HL7766,L928,2024-09-06 21:27,423.6,421.2,86.2,86.3,86.4,86.1,8581,8520
31601,777,HL7766,L928,2024-09-07 5:53,410.9,404.8,80.3,80.4,85.2,84.8,6834,6783
31649,777,HL7766,L653,2024-09-08 6:02,441.7,437.1,87.2,87.3,86.7,86.3,7766,7662
31662,777,HL7766,L653,2024-09-08 8:55,424.6,420.4,86.8,86.9,86.1,85.7,6985,6901
31669,777,HL7766,L654,2024-09-08 12:41,430.3,428.3,83.7,83.8,86.8,86.6,7969,7934
31676,777,HL7766,L654,2024-09-08 13:15,422,420.7,83.3,83.5,86.4,86.2,7795,7759
31685,777,HL7766,L845,2024-09-08 23:36,415.2,410,79.1,79.2,85.3,85,7316,7198
31690,777,HL7766,L845,2024-09-08 23:36,415.2,410,79.1,79.2,85.3,85,7316,7198
31708,777,HL7766,L927,2024-09-09 6:04,457.5,459.3,85.1,85.3,88.4,88.1,9963,9975
31736,777,HL7766,L927,2024-09-09 8:43,445.9,444.3,86,86.2,87.7,87.4,9178,9177
31743,777,HL7766,L928,2024-09-09 21:13,408.4,405.7,84.4,84.5,85.4,85.2,7941,7889
31769,777,HL7766,L928,2024-09-09 23:07,401.2,400,82.6,82.8,85.3,85.1,7904,7885
31775,777,HL7766,L455,2024-09-10 10:49,430.8,426.8,86.4,86.6,86.5,86.1,7348,7254
31783,777,HL7766,L455,2024-09-10 11:35,423.5,420.2,85.4,85.4,86.2,85.9,7157,7063
31791,777,HL7766,L456,2024-09-10 17:14,413.1,406,82.6,82.8,85,84.7,6761,6678
31795,777,HL7766,L456,2024-09-10 18:14,427.3,422.7,86.1,86.2,86.2,85.8,7065,6959
31807,777,HL7766,L788,2024-09-11 2:18,411.9,407.1,78.9,78.9,85,84.8,6673,6612
31810,777,HL7766,L788,2024-09-11 2:18,411.9,407.1,78.9,78.9,85,84.8,6673,6613
31821,777,HL7766,L695,2024-09-11 5:47,443.7,439.8,87.1,87.2,87.4,87,8187,8119
31845,777,HL7766,L696,2024-09-11 14:15,433.2,430,84.3,84.5,86.7,86.4,7643,7567
31854,777,HL7766,L696,2024-09-11 17:54,413.4,411.5,82.4,82.6,85.7,85.5,6896,6889
31871,777,HL7766,L653,2024-09-12 2:25,430.2,426.2,86.6,86.7,86.6,86.3,7440,7343
31884,777,HL7766,L653,2024-09-12 3:12,418.8,415.4,85,85.1,85.9,85.6,7020,6961
31893,777,HL7766,L654,2024-09-12 8:51,417.5,412.6,82.7,82.8,85.3,85,6827,6748
31908,777,HL7766,L654,2024-09-12 12:18,398.5,396.8,82.1,82.2,84.8,84.6,6415,6376
31953,777,HL7766,L695,2024-09-13 6:56,442.8,439.6,85.6,85.8,87.3,87.1,8398,8358
31972,777,HL7766,L696,2024-09-13 15:00,416.6,413.4,82.3,82.5,86,85.6,7005,6938
31982,777,HL7766,L696,2024-09-13 16:32,409.2,409.2,82.8,83,85.7,85.5,7161,7130
31998,777,HL7766,L653,2024-09-14 2:05,439.9,438.1,87.3,87.1,86.8,86.5,7583,7478
32016,777,HL7766,L653,2024-09-14 2:20,435.9,431,86.5,86.6,86.7,86.3,7497,7392
32025,777,HL7766,L654,2024-09-14 9:00,431.8,428.1,86,86.2,86.5,86.2,7599,7510
32035,777,HL7766,L654,2024-09-14 11:35,423.1,419.6,85.2,85.2,86,85.7,6783,6704
32068,777,HL7766,L497,2024-09-15 6:14,433.5,433.6,83.7,83.9,86.7,86.5,7930,7917
32085,777,HL7766,L497,2024-09-15 11:33,414.5,412.5,84.2,84.3,85.7,85.4,6762,6730
32093,777,HL7766,L498,2024-09-15 15:21,431.5,428.2,85.5,85.6,86.6,86.3,7445,7367
32104,777,HL7766,L498,2024-09-15 19:23,421.3,418.9,85.2,85.2,86,85.6,6679,6633
32127,777,HL7766,L695,2024-09-16 5:50,442.4,440.6,83.1,83.2,87.3,87,8573,8557
32146,777,HL7766,L696,2024-09-16 14:31,427.2,424.7,85,85.2,86.4,86.1,7308,7248
32161,777,HL7766,L696,2024-09-16 18:34,412.6,411.2,83.2,83.3,85.6,85.3,6634,6603
32180,777,HL7766,L657,2024-09-17 2:08,440.4,439.7,87.9,87.8,87,86.7,7768,7674
32197,777,HL7766,L657,2024-09-17 2:34,436.3,433.4,87.3,87.4,86.8,86.4,7609,7529
32227,777,HL7766,L658,2024-09-17 15:44,428.8,426.6,85.8,85.9,86.5,86.3,7504,7426
32234,777,HL7766,L658,2024-09-17 18:57,410.7,406.6,83.4,83.5,85.6,85.2,6895,6821
32250,777,HL7766,L788,2024-09-18 2:22,414.2,410.8,79,79.1,85.3,85,7286,7212
32253,777,HL7766,L788,2024-09-18 2:22,414.2,410.8,79,79.1,85.3,85,7284,7210
32268,777,HL7766,L695,2024-09-18 5:48,448,445.6,87.3,87.4,87.4,87.1,8256,8197
32291,777,HL7766,L696,2024-09-18 14:53,438.1,434.6,84.1,84.2,86.5,86,7640,7555
32302,777,HL7766,L696,2024-09-18 17:37,410.3,409.4,82.8,82.9,85.7,85.4,7107,7088
32354,777,HL7766,L615,2024-09-19 12:44,434.6,431,87,87.1,86.7,86.4,7556,7476
32361,777,HL7766,L615,2024-09-19 14:42,422.7,420.5,85.6,85.6,86.1,85.8,7180,7091
32365,777,HL7766,L616,2024-09-19 18:11,410.4,408.2,83.4,83.5,85.4,85.2,6865,6831
32373,777,HL7766,L616,2024-09-19 19:46,429.7,485,85.8,84,86,86,7092,7331
32396,777,HL7766,L695,2024-09-20 6:39,458.4,457.3,88.6,88.8,88,87.7,8590,8574
32416,777,HL7766,L696,2024-09-20 15:03,428.6,427.3,84.6,84.8,86.6,86.4,7740,7730
32426,777,HL7766,L696,2024-09-20 16:43,422.2,420.8,83.8,84,86.3,86.1,7417,7395
32462,777,HL7766,L955,2024-09-21 7:15,451.3,453.3,85.1,85.3,87.9,87.7,9256,9291
32495,777,HL7766,L955,2024-09-21 10:00,433.6,431.8,85.4,85.6,86.8,86.6,8435,8385
32501,777,HL7766,L956,2024-09-21 20:51,384.9,384.7,81.2,81.2,84.4,84.1,8167,8127
32530,777,HL7766,L956,2024-09-22 4:39,390.6,387,77.3,77.3,83.8,83.5,7175,7144
32549,777,HL7766,L461,2024-09-22 10:15,461.9,409.9,82.4,83.9,85.8,85.2,7001,6630
32561,777,HL7766,L461,2024-09-22 12:13,404,402.6,83.2,83.3,85,84.8,6434,6408
32569,777,HL7766,L462,2024-09-22 16:58,429.6,427.9,80.3,80.4,86.4,86.1,7806,7735
32577,777,HL7766,L462,2024-09-22 18:47,403.5,403.3,83,83.2,85.2,85.1,6742,6730
32608,777,HL7766,L695,2024-09-23 6:40,442.2,441,87.6,87.7,87.3,87,8331,8287
32632,777,HL7766,L696,2024-09-23 14:52,428.5,427.6,84.5,84.7,86.6,86.4,7596,7573
32642,777,HL7766,L696,2024-09-23 16:03,425,424.7,85.1,85.2,86.3,86.1,7367,7314
32673,777,HL7766,2995,2024-09-24 7:03,430.2,426.7,86.5,86.6,86.4,86.2,7614,7495
32697,777,HL7766,9696,2024-09-24 15:17,424.4,423.2,83.6,83.7,86.4,86.2,7352,7317
32708,777,HL7766,9696,2024-09-24 18:15,404.6,404.5,82.3,82.5,85.3,85.2,6995,6963
32717,777,HL7766,L657,2024-09-25 1:35,428.1,423.5,85.2,85.5,86.4,86.1,7875,7821
32732,777,HL7766,L657,2024-09-25 3:55,423.7,422.6,86.1,86.2,86.2,85.9,7408,7353
32757,777,HL7766,L658,2024-09-25 15:34,414.1,411.9,83.5,83.7,85.4,85.3,6946,6898
32765,777,HL7766,L658,2024-09-25 16:34,407.7,406.4,83.5,83.7,85.3,85.1,6893,6874
32802,777,HL7766,2923,2024-09-26 8:20,380.4,382.6,81.5,81.7,83.6,83.5,6248,6264
32810,777,HL7766,2923,2024-09-26 9:37,378.6,381,80.9,81.1,83.7,83.6,5980,5978
34608,777,HL7766,2924,2024-10-26 2:25,401.7,401.5,80.8,80.9,85,84.7,6699,6622
34621,777,HL7766,2924,2024-10-26 3:30,395.9,396.2,80.8,80.9,84.9,84.5,6650,6580
34682,777,HL7766,L951,2024-10-27 4:53,418.2,419.1,83.1,83.2,86.3,86,8843,8837
34707,777,HL7766,L951,2024-10-27 12:45,407.4,407.7,83.3,83.4,85.5,85.2,7171,7141
34719,777,HL7766,L952,2024-10-27 18:04,421.8,423.1,84.2,84.4,86.3,86,7721,7685
34735,777,HL7766,L952,2024-10-28 0:05,356,355,77.9,78,82.4,82,6577,6563
34745,777,HL7766,L695,2024-10-28 4:56,443,441.6,88.1,88.2,87.3,87,8303,8282
34768,777,HL7766,L696,2024-10-28 14:44,412.6,413.3,83,83.2,85.7,85.4,7309,7313
34780,777,HL7766,L696,2024-10-28 15:47,409.9,411.3,82.9,83,85.6,85.3,7178,7181
